"TestNum","Employees","Days","TotalEntities","ElapsedSec","ElapsedMs","RawScore","HardScore","MediumScore","SoftScore","IsFeasible"
"1","10","7","70","0","4","0hard/0medium/-11151soft","0","0","-11151","True"
"2","50","7","350","0.01","6","0hard/0medium/-40572soft","0","0","-40572","True"
"2","50","7","350","0.01","9","0hard/0medium/-40253soft","0","0","-40253","True"
"2","50","7","350","0.01","9","0hard/0medium/-39392soft","0","0","-39392","True"
"2","50","7","350","0.01","9","0hard/0medium/-38873soft","0","0","-38873","True"
"2","50","7","350","0.01","10","0hard/0medium/-38121soft","0","0","-38121","True"
"2","50","7","350","0.01","14","0hard/0medium/-37978soft","0","0","-37978","True"
"2","50","7","350","0.02","15","0hard/0medium/-37976soft","0","0","-37976","True"
"2","50","7","350","0.02","16","0hard/0medium/-36821soft","0","0","-36821","True"
"2","50","7","350","0.02","16","0hard/0medium/-36206soft","0","0","-36206","True"
"2","50","7","350","0.02","16","0hard/0medium/-35302soft","0","0","-35302","True"
"2","50","7","350","0.02","17","0hard/0medium/-34970soft","0","0","-34970","True"
"2","50","7","350","0.02","18","0hard/0medium/-34198soft","0","0","-34198","True"
"2","50","7","350","0.02","18","0hard/0medium/-33910soft","0","0","-33910","True"
"2","50","7","350","0.02","18","0hard/0medium/-33205soft","0","0","-33205","True"
"2","50","7","350","0.02","18","0hard/0medium/-33051soft","0","0","-33051","True"
"2","50","7","350","0.02","18","0hard/0medium/-32281soft","0","0","-32281","True"
"2","50","7","350","0.02","19","0hard/0medium/-31973soft","0","0","-31973","True"
"2","50","7","350","0.02","19","0hard/0medium/-31715soft","0","0","-31715","True"
"2","50","7","350","0.02","19","0hard/0medium/-30945soft","0","0","-30945","True"
"2","50","7","350","0.02","20","0hard/0medium/-30549soft","0","0","-30549","True"
"2","50","7","350","0.02","20","0hard/0medium/-30545soft","0","0","-30545","True"
"2","50","7","350","0.02","23","0hard/0medium/-29513soft","0","0","-29513","True"
"2","50","7","350","0.02","23","0hard/0medium/-29225soft","0","0","-29225","True"
"2","50","7","350","0.02","23","0hard/0medium/-28004soft","0","0","-28004","True"
"2","50","7","350","0.04","41","0hard/0medium/-27850soft","0","0","-27850","True"
"2","50","7","350","0.04","41","0hard/0medium/-27742soft","0","0","-27742","True"
"2","50","7","350","0.04","41","0hard/0medium/-27654soft","0","0","-27654","True"
"2","50","7","350","0.04","42","0hard/0medium/-27628soft","0","0","-27628","True"
"2","50","7","350","0.04","45","0hard/0medium/-27569soft","0","0","-27569","True"
"2","50","7","350","0.05","46","0hard/0medium/-27052soft","0","0","-27052","True"
"2","50","7","350","0.05","46","0hard/0medium/-26755soft","0","0","-26755","True"
"2","50","7","350","0.05","46","0hard/0medium/-26103soft","0","0","-26103","True"
"2","50","7","350","0.06","64","0hard/0medium/-25961soft","0","0","-25961","True"
"2","50","7","350","0.06","65","0hard/0medium/-25862soft","0","0","-25862","True"
"2","50","7","350","0.06","65","0hard/0medium/-25828soft","0","0","-25828","True"
"2","50","7","350","0.06","65","0hard/0medium/-25058soft","0","0","-25058","True"
"2","50","7","350","0.06","65","0hard/0medium/-24605soft","0","0","-24605","True"
"2","50","7","350","0.07","66","0hard/0medium/-24362soft","0","0","-24362","True"
"2","50","7","350","0.07","69","0hard/0medium/-24147soft","0","0","-24147","True"
"2","50","7","350","0.07","70","0hard/0medium/-23300soft","0","0","-23300","True"
"2","50","7","350","0.07","71","0hard/0medium/-23235soft","0","0","-23235","True"
"2","50","7","350","0.07","72","0hard/0medium/-22847soft","0","0","-22847","True"
"2","50","7","350","0.07","74","0hard/0medium/-22601soft","0","0","-22601","True"
"2","50","7","350","0.07","74","0hard/0medium/-22182soft","0","0","-22182","True"
"2","50","7","350","0.07","74","0hard/0medium/-21335soft","0","0","-21335","True"
"2","50","7","350","0.07","74","0hard/0medium/-20804soft","0","0","-20804","True"
"2","50","7","350","0.1","103","0hard/0medium/-20710soft","0","0","-20710","True"
"2","50","7","350","0.13","129","0hard/0medium/-19896soft","0","0","-19896","True"
"2","50","7","350","0.16","158","0hard/0medium/-19868soft","0","0","-19868","True"
"2","50","7","350","0.16","159","0hard/0medium/-19196soft","0","0","-19196","True"
"2","50","7","350","0.16","159","0hard/0medium/-18860soft","0","0","-18860","True"
"2","50","7","350","0.2","201","0hard/0medium/-18764soft","0","0","-18764","True"
"2","50","7","350","0.2","201","0hard/0medium/-18523soft","0","0","-18523","True"
"2","50","7","350","0.2","203","0hard/0medium/-18399soft","0","0","-18399","True"
"2","50","7","350","0.2","203","0hard/0medium/-17858soft","0","0","-17858","True"
"2","50","7","350","0.2","203","0hard/0medium/-17459soft","0","0","-17459","True"
"2","50","7","350","0.24","235","0hard/0medium/-17387soft","0","0","-17387","True"
"2","50","7","350","0.24","235","0hard/0medium/-17231soft","0","0","-17231","True"
"2","50","7","350","0.27","274","0hard/0medium/-16722soft","0","0","-16722","True"
"2","50","7","350","0.27","274","0hard/0medium/-16524soft","0","0","-16524","True"
"2","50","7","350","0.34","344","0hard/0medium/-16426soft","0","0","-16426","True"
"2","50","7","350","0.34","345","0hard/0medium/-16296soft","0","0","-16296","True"
"2","50","7","350","0.34","345","0hard/0medium/-15083soft","0","0","-15083","True"
"2","50","7","350","0.42","420","0hard/0medium/-14924soft","0","0","-14924","True"
"2","50","7","350","0.49","488","0hard/0medium/-14746soft","0","0","-14746","True"
"2","50","7","350","0.49","489","0hard/0medium/-14474soft","0","0","-14474","True"
"2","50","7","350","0.49","489","0hard/0medium/-14143soft","0","0","-14143","True"
"2","50","7","350","0.51","509","0hard/0medium/-13861soft","0","0","-13861","True"
"2","50","7","350","0.57","575","0hard/0medium/-13732soft","0","0","-13732","True"
"2","50","7","350","0.57","575","0hard/0medium/-13645soft","0","0","-13645","True"
"2","50","7","350","0.57","575","0hard/0medium/-12906soft","0","0","-12906","True"
"2","50","7","350","0.75","749","0hard/0medium/-12161soft","0","0","-12161","True"
"2","50","7","350","0.85","850","0hard/0medium/-11766soft","0","0","-11766","True"
"2","50","7","350","0.85","850","0hard/0medium/-11601soft","0","0","-11601","True"
"2","50","7","350","0.85","850","0hard/0medium/-11534soft","0","0","-11534","True"
"2","50","7","350","0.96","957","0hard/0medium/-11508soft","0","0","-11508","True"
"2","50","7","350","1.02","1017","0hard/0medium/-11023soft","0","0","-11023","True"
"2","50","7","350","1.16","1165","0hard/0medium/-10977soft","0","0","-10977","True"
"2","50","7","350","1.21","1208","0hard/0medium/-10603soft","0","0","-10603","True"
"2","50","7","350","1.21","1208","0hard/0medium/-10525soft","0","0","-10525","True"
"2","50","7","350","1.32","1325","0hard/0medium/-10089soft","0","0","-10089","True"
"2","50","7","350","1.43","1432","0hard/0medium/-9874soft","0","0","-9874","True"
"2","50","7","350","1.48","1484","0hard/0medium/-9272soft","0","0","-9272","True"
"2","50","7","350","1.69","1686","0hard/0medium/-9155soft","0","0","-9155","True"
"2","50","7","350","1.69","1686","0hard/0medium/-9023soft","0","0","-9023","True"
"2","50","7","350","1.83","1828","0hard/0medium/-8992soft","0","0","-8992","True"
"2","50","7","350","1.83","1828","0hard/0medium/-8738soft","0","0","-8738","True"
"2","50","7","350","1.84","1835","0hard/0medium/-8605soft","0","0","-8605","True"
"2","50","7","350","2.17","2174","0hard/0medium/-8028soft","0","0","-8028","True"
"2","50","7","350","2.33","2325","0hard/0medium/-7986soft","0","0","-7986","True"
"2","50","7","350","2.65","2651","0hard/0medium/-7908soft","0","0","-7908","True"
"2","50","7","350","2.66","2658","0hard/0medium/-7848soft","0","0","-7848","True"
"2","50","7","350","2.75","2751","0hard/0medium/-7612soft","0","0","-7612","True"
"2","50","7","350","2.75","2751","0hard/0medium/-7380soft","0","0","-7380","True"
"2","50","7","350","2.81","2806","0hard/0medium/-7366soft","0","0","-7366","True"
"2","50","7","350","2.96","2962","0hard/0medium/-7257soft","0","0","-7257","True"
"2","50","7","350","3.09","3088","0hard/0medium/-6856soft","0","0","-6856","True"
"2","50","7","350","3.34","3336","0hard/0medium/-6829soft","0","0","-6829","True"
"2","50","7","350","3.34","3337","0hard/0medium/-6653soft","0","0","-6653","True"
"2","50","7","350","3.53","3529","0hard/0medium/-6522soft","0","0","-6522","True"
"2","50","7","350","3.54","3535","0hard/0medium/-6101soft","0","0","-6101","True"
"2","50","7","350","3.74","3736","0hard/0medium/-6073soft","0","0","-6073","True"
"2","50","7","350","3.74","3737","0hard/0medium/-6039soft","0","0","-6039","True"
"2","50","7","350","3.74","3739","0hard/0medium/-5445soft","0","0","-5445","True"
"2","50","7","350","4.77","4768","0hard/0medium/-5320soft","0","0","-5320","True"
"2","50","7","350","5.03","5033","0hard/0medium/-5184soft","0","0","-5184","True"
"2","50","7","350","5.34","5342","0hard/0medium/-5074soft","0","0","-5074","True"
"2","50","7","350","5.59","5588","0hard/0medium/-4872soft","0","0","-4872","True"
"2","50","7","350","5.83","5828","0hard/0medium/-4849soft","0","0","-4849","True"
"2","50","7","350","5.98","5985","0hard/0medium/-4736soft","0","0","-4736","True"
"2","50","7","350","6.32","6325","0hard/0medium/-4428soft","0","0","-4428","True"
"2","50","7","350","6.69","6693","0hard/0medium/-4328soft","0","0","-4328","True"
"2","50","7","350","7.41","7406","0hard/0medium/-4267soft","0","0","-4267","True"
"2","50","7","350","7.41","7406","0hard/0medium/-4091soft","0","0","-4091","True"
"2","50","7","350","7.9","7900","0hard/0medium/-3981soft","0","0","-3981","True"
"2","50","7","350","8.53","8530","0hard/0medium/-3906soft","0","0","-3906","True"
"2","50","7","350","8.78","8783","0hard/0medium/-3869soft","0","0","-3869","True"
"2","50","7","350","9.25","9249","0hard/0medium/-3760soft","0","0","-3760","True"
"2","50","7","350","9.25","9249","0hard/0medium/-3606soft","0","0","-3606","True"
"2","50","7","350","9.8","9796","0hard/0medium/-3457soft","0","0","-3457","True"
"2","50","7","350","9.81","9814","0hard/0medium/-3423soft","0","0","-3423","True"
"2","50","7","350","10.32","10322","0hard/0medium/-3399soft","0","0","-3399","True"
"2","50","7","350","11.83","11830","0hard/0medium/-3277soft","0","0","-3277","True"
"2","50","7","350","12.54","12539","0hard/0medium/-3172soft","0","0","-3172","True"
"2","50","7","350","13.26","13256","0hard/0medium/-3121soft","0","0","-3121","True"
"2","50","7","350","13.4","13399","0hard/0medium/-3093soft","0","0","-3093","True"
"2","50","7","350","13.4","13403","0hard/0medium/-3073soft","0","0","-3073","True"
"2","50","7","350","13.96","13956","0hard/0medium/-2931soft","0","0","-2931","True"
"2","50","7","350","15.01","15014","0hard/0medium/-2730soft","0","0","-2730","True"
"2","50","7","350","15.63","15634","0hard/0medium/-2582soft","0","0","-2582","True"
"2","50","7","350","19.8","19802","0hard/0medium/-2395soft","0","0","-2395","True"
"2","50","7","350","22.61","22612","0hard/0medium/-2229soft","0","0","-2229","True"
"2","50","7","350","30.49","30494","0hard/0medium/-2142soft","0","0","-2142","True"
"3","100","7","700","0.01","10","0hard/0medium/-64442soft","0","0","-64442","True"
"3","100","7","700","0.01","11","0hard/0medium/-64283soft","0","0","-64283","True"
"3","100","7","700","0.01","13","0hard/0medium/-64162soft","0","0","-64162","True"
"3","100","7","700","0.01","14","0hard/0medium/-63422soft","0","0","-63422","True"
"3","100","7","700","0.02","15","0hard/0medium/-63168soft","0","0","-63168","True"
"3","100","7","700","0.02","17","0hard/0medium/-62886soft","0","0","-62886","True"
"3","100","7","700","0.02","17","0hard/0medium/-62051soft","0","0","-62051","True"
"3","100","7","700","0.02","18","0hard/0medium/-61974soft","0","0","-61974","True"
"3","100","7","700","0.02","18","0hard/0medium/-61396soft","0","0","-61396","True"
"3","100","7","700","0.03","27","0hard/0medium/-60929soft","0","0","-60929","True"
"3","100","7","700","0.03","27","0hard/0medium/-60235soft","0","0","-60235","True"
"3","100","7","700","0.03","28","0hard/0medium/-59780soft","0","0","-59780","True"
"3","100","7","700","0.04","43","0hard/0medium/-59776soft","0","0","-59776","True"
"3","100","7","700","0.04","44","0hard/0medium/-59716soft","0","0","-59716","True"
"3","100","7","700","0.04","45","0hard/0medium/-59434soft","0","0","-59434","True"
"3","100","7","700","0.05","47","0hard/0medium/-58819soft","0","0","-58819","True"
"3","100","7","700","0.05","48","0hard/0medium/-58539soft","0","0","-58539","True"
"3","100","7","700","0.07","69","0hard/0medium/-58330soft","0","0","-58330","True"
"3","100","7","700","0.07","70","0hard/0medium/-57873soft","0","0","-57873","True"
"3","100","7","700","0.09","90","0hard/0medium/-57699soft","0","0","-57699","True"
"3","100","7","700","0.09","91","0hard/0medium/-57274soft","0","0","-57274","True"
"3","100","7","700","0.09","91","0hard/0medium/-56459soft","0","0","-56459","True"
"3","100","7","700","0.13","132","0hard/0medium/-56370soft","0","0","-56370","True"
"3","100","7","700","0.16","158","0hard/0medium/-56117soft","0","0","-56117","True"
"3","100","7","700","0.16","159","0hard/0medium/-55106soft","0","0","-55106","True"
"3","100","7","700","0.16","160","0hard/0medium/-54621soft","0","0","-54621","True"
"3","100","7","700","0.16","160","0hard/0medium/-54151soft","0","0","-54151","True"
"3","100","7","700","0.21","209","0hard/0medium/-53819soft","0","0","-53819","True"
"3","100","7","700","0.23","230","0hard/0medium/-53494soft","0","0","-53494","True"
"3","100","7","700","0.23","231","0hard/0medium/-53263soft","0","0","-53263","True"
"3","100","7","700","0.23","232","0hard/0medium/-52626soft","0","0","-52626","True"
"3","100","7","700","0.23","232","0hard/0medium/-52606soft","0","0","-52606","True"
"3","100","7","700","0.31","311","0hard/0medium/-51857soft","0","0","-51857","True"
"3","100","7","700","0.31","311","0hard/0medium/-51759soft","0","0","-51759","True"
"3","100","7","700","0.31","313","0hard/0medium/-51401soft","0","0","-51401","True"
"3","100","7","700","0.31","313","0hard/0medium/-51062soft","0","0","-51062","True"
"3","100","7","700","0.31","314","0hard/0medium/-51043soft","0","0","-51043","True"
"3","100","7","700","0.31","314","0hard/0medium/-50784soft","0","0","-50784","True"
"3","100","7","700","0.36","359","0hard/0medium/-50722soft","0","0","-50722","True"
"3","100","7","700","0.36","359","0hard/0medium/-50563soft","0","0","-50563","True"
"3","100","7","700","0.36","360","0hard/0medium/-50127soft","0","0","-50127","True"
"3","100","7","700","0.36","360","0hard/0medium/-50107soft","0","0","-50107","True"
"3","100","7","700","0.36","360","0hard/0medium/-49454soft","0","0","-49454","True"
"3","100","7","700","0.36","361","0hard/0medium/-49155soft","0","0","-49155","True"
"3","100","7","700","0.36","362","0hard/0medium/-48996soft","0","0","-48996","True"
"3","100","7","700","0.36","362","0hard/0medium/-48487soft","0","0","-48487","True"
"3","100","7","700","0.36","362","0hard/0medium/-47802soft","0","0","-47802","True"
"3","100","7","700","0.43","431","0hard/0medium/-47258soft","0","0","-47258","True"
"3","100","7","700","0.43","431","0hard/0medium/-47079soft","0","0","-47079","True"
"3","100","7","700","0.48","483","0hard/0medium/-46941soft","0","0","-46941","True"
"3","100","7","700","0.48","484","0hard/0medium/-46236soft","0","0","-46236","True"
"3","100","7","700","0.48","484","0hard/0medium/-46051soft","0","0","-46051","True"
"3","100","7","700","0.56","558","0hard/0medium/-46005soft","0","0","-46005","True"
"3","100","7","700","0.56","559","0hard/0medium/-45959soft","0","0","-45959","True"
"3","100","7","700","0.56","563","0hard/0medium/-45372soft","0","0","-45372","True"
"3","100","7","700","0.56","563","0hard/0medium/-44975soft","0","0","-44975","True"
"3","100","7","700","0.56","564","0hard/0medium/-44140soft","0","0","-44140","True"
"3","100","7","700","0.64","635","0hard/0medium/-43999soft","0","0","-43999","True"
"3","100","7","700","0.7","700","0hard/0medium/-43308soft","0","0","-43308","True"
"3","100","7","700","0.78","780","0hard/0medium/-43187soft","0","0","-43187","True"
"3","100","7","700","0.78","782","0hard/0medium/-43173soft","0","0","-43173","True"
"3","100","7","700","0.79","786","0hard/0medium/-42384soft","0","0","-42384","True"
"3","100","7","700","0.86","856","0hard/0medium/-42003soft","0","0","-42003","True"
"3","100","7","700","0.86","863","0hard/0medium/-41182soft","0","0","-41182","True"
"3","100","7","700","0.88","880","0hard/0medium/-41028soft","0","0","-41028","True"
"3","100","7","700","0.88","880","0hard/0medium/-40789soft","0","0","-40789","True"
"3","100","7","700","0.9","896","0hard/0medium/-40752soft","0","0","-40752","True"
"3","100","7","700","0.9","897","0hard/0medium/-40598soft","0","0","-40598","True"
"3","100","7","700","0.96","965","0hard/0medium/-40091soft","0","0","-40091","True"
"3","100","7","700","1.07","1067","0hard/0medium/-40025soft","0","0","-40025","True"
"3","100","7","700","1.08","1085","0hard/0medium/-39615soft","0","0","-39615","True"
"3","100","7","700","1.08","1085","0hard/0medium/-39234soft","0","0","-39234","True"
"3","100","7","700","1.08","1085","0hard/0medium/-38600soft","0","0","-38600","True"
"3","100","7","700","1.09","1086","0hard/0medium/-38504soft","0","0","-38504","True"
"3","100","7","700","1.09","1087","0hard/0medium/-38473soft","0","0","-38473","True"
"3","100","7","700","1.18","1181","0hard/0medium/-37891soft","0","0","-37891","True"
"3","100","7","700","1.18","1182","0hard/0medium/-37802soft","0","0","-37802","True"
"3","100","7","700","1.18","1182","0hard/0medium/-37345soft","0","0","-37345","True"
"3","100","7","700","1.28","1285","0hard/0medium/-37134soft","0","0","-37134","True"
"3","100","7","700","1.29","1286","0hard/0medium/-37114soft","0","0","-37114","True"
"3","100","7","700","1.29","1294","0hard/0medium/-36434soft","0","0","-36434","True"
"3","100","7","700","1.4","1395","0hard/0medium/-36416soft","0","0","-36416","True"
"3","100","7","700","1.4","1403","0hard/0medium/-36337soft","0","0","-36337","True"
"3","100","7","700","1.4","1404","0hard/0medium/-36038soft","0","0","-36038","True"
"3","100","7","700","1.4","1405","0hard/0medium/-35518soft","0","0","-35518","True"
"3","100","7","700","1.51","1511","0hard/0medium/-35188soft","0","0","-35188","True"
"3","100","7","700","1.51","1511","0hard/0medium/-35070soft","0","0","-35070","True"
"3","100","7","700","1.51","1512","0hard/0medium/-34957soft","0","0","-34957","True"
"3","100","7","700","1.61","1613","0hard/0medium/-34399soft","0","0","-34399","True"
"3","100","7","700","1.61","1614","0hard/0medium/-34225soft","0","0","-34225","True"
"3","100","7","700","1.62","1615","0hard/0medium/-33690soft","0","0","-33690","True"
"3","100","7","700","1.62","1615","0hard/0medium/-33652soft","0","0","-33652","True"
"3","100","7","700","1.74","1740","0hard/0medium/-33627soft","0","0","-33627","True"
"3","100","7","700","1.74","1742","0hard/0medium/-33455soft","0","0","-33455","True"
"3","100","7","700","1.74","1742","0hard/0medium/-32861soft","0","0","-32861","True"
"3","100","7","700","1.85","1853","0hard/0medium/-32824soft","0","0","-32824","True"
"3","100","7","700","1.98","1976","0hard/0medium/-32305soft","0","0","-32305","True"
"3","100","7","700","2.08","2080","0hard/0medium/-32299soft","0","0","-32299","True"
"3","100","7","700","2.08","2082","0hard/0medium/-32247soft","0","0","-32247","True"
"3","100","7","700","2.2","2201","0hard/0medium/-32181soft","0","0","-32181","True"
"3","100","7","700","2.21","2207","0hard/0medium/-32179soft","0","0","-32179","True"
"3","100","7","700","2.21","2208","0hard/0medium/-31881soft","0","0","-31881","True"
"3","100","7","700","2.33","2326","0hard/0medium/-31827soft","0","0","-31827","True"
"3","100","7","700","2.33","2326","0hard/0medium/-31490soft","0","0","-31490","True"
"3","100","7","700","2.33","2327","0hard/0medium/-30994soft","0","0","-30994","True"
"3","100","7","700","2.46","2462","0hard/0medium/-30714soft","0","0","-30714","True"
"3","100","7","700","2.47","2470","0hard/0medium/-30608soft","0","0","-30608","True"
"3","100","7","700","2.6","2596","0hard/0medium/-30246soft","0","0","-30246","True"
"3","100","7","700","2.75","2752","0hard/0medium/-30220soft","0","0","-30220","True"
"3","100","7","700","2.75","2752","0hard/0medium/-29903soft","0","0","-29903","True"
"3","100","7","700","2.89","2888","0hard/0medium/-29800soft","0","0","-29800","True"
"3","100","7","700","2.89","2892","0hard/0medium/-29285soft","0","0","-29285","True"
"3","100","7","700","3.02","3019","0hard/0medium/-28906soft","0","0","-28906","True"
"3","100","7","700","3.02","3022","0hard/0medium/-28842soft","0","0","-28842","True"
"3","100","7","700","3.02","3023","0hard/0medium/-28642soft","0","0","-28642","True"
"3","100","7","700","3.17","3174","0hard/0medium/-28506soft","0","0","-28506","True"
"3","100","7","700","3.48","3481","0hard/0medium/-28210soft","0","0","-28210","True"
"3","100","7","700","3.48","3482","0hard/0medium/-27773soft","0","0","-27773","True"
"3","100","7","700","3.65","3649","0hard/0medium/-27513soft","0","0","-27513","True"
"3","100","7","700","3.88","3878","0hard/0medium/-27510soft","0","0","-27510","True"
"3","100","7","700","3.94","3938","0hard/0medium/-27487soft","0","0","-27487","True"
"3","100","7","700","3.94","3938","0hard/0medium/-27418soft","0","0","-27418","True"
"3","100","7","700","3.95","3946","0hard/0medium/-26976soft","0","0","-26976","True"
"3","100","7","700","3.95","3947","0hard/0medium/-26917soft","0","0","-26917","True"
"3","100","7","700","4.23","4234","0hard/0medium/-26815soft","0","0","-26815","True"
"3","100","7","700","4.28","4285","0hard/0medium/-26319soft","0","0","-26319","True"
"3","100","7","700","4.58","4577","0hard/0medium/-26095soft","0","0","-26095","True"
"3","100","7","700","4.58","4577","0hard/0medium/-25459soft","0","0","-25459","True"
"3","100","7","700","4.91","4909","0hard/0medium/-25068soft","0","0","-25068","True"
"3","100","7","700","4.98","4984","0hard/0medium/-25036soft","0","0","-25036","True"
"3","100","7","700","4.99","4985","0hard/0medium/-24680soft","0","0","-24680","True"
"3","100","7","700","5.38","5384","0hard/0medium/-23890soft","0","0","-23890","True"
"3","100","7","700","5.97","5966","0hard/0medium/-23853soft","0","0","-23853","True"
"3","100","7","700","6.22","6224","0hard/0medium/-23200soft","0","0","-23200","True"
"3","100","7","700","6.44","6437","0hard/0medium/-23192soft","0","0","-23192","True"
"3","100","7","700","6.44","6438","0hard/0medium/-23154soft","0","0","-23154","True"
"3","100","7","700","6.64","6643","0hard/0medium/-22799soft","0","0","-22799","True"
"3","100","7","700","6.64","6643","0hard/0medium/-22661soft","0","0","-22661","True"
"3","100","7","700","6.64","6644","0hard/0medium/-22632soft","0","0","-22632","True"
"3","100","7","700","6.89","6888","0hard/0medium/-22347soft","0","0","-22347","True"
"3","100","7","700","6.89","6889","0hard/0medium/-22189soft","0","0","-22189","True"
"3","100","7","700","7.13","7132","0hard/0medium/-22062soft","0","0","-22062","True"
"3","100","7","700","7.38","7377","0hard/0medium/-21781soft","0","0","-21781","True"
"3","100","7","700","7.38","7380","0hard/0medium/-21573soft","0","0","-21573","True"
"3","100","7","700","7.38","7380","0hard/0medium/-21512soft","0","0","-21512","True"
"3","100","7","700","7.84","7843","0hard/0medium/-21399soft","0","0","-21399","True"
"3","100","7","700","7.85","7847","0hard/0medium/-21198soft","0","0","-21198","True"
"3","100","7","700","8.1","8099","0hard/0medium/-21001soft","0","0","-21001","True"
"3","100","7","700","8.1","8100","0hard/0medium/-20922soft","0","0","-20922","True"
"3","100","7","700","8.36","8356","0hard/0medium/-20739soft","0","0","-20739","True"
"3","100","7","700","8.36","8356","0hard/0medium/-20660soft","0","0","-20660","True"
"3","100","7","700","8.58","8584","0hard/0medium/-20491soft","0","0","-20491","True"
"3","100","7","700","8.86","8856","0hard/0medium/-20274soft","0","0","-20274","True"
"3","100","7","700","9.41","9408","0hard/0medium/-20210soft","0","0","-20210","True"
"3","100","7","700","9.41","9409","0hard/0medium/-20113soft","0","0","-20113","True"
"3","100","7","700","9.41","9410","0hard/0medium/-19833soft","0","0","-19833","True"
"3","100","7","700","9.68","9683","0hard/0medium/-19708soft","0","0","-19708","True"
"3","100","7","700","9.95","9947","0hard/0medium/-19590soft","0","0","-19590","True"
"3","100","7","700","10.22","10221","0hard/0medium/-19460soft","0","0","-19460","True"
"3","100","7","700","10.49","10486","0hard/0medium/-19409soft","0","0","-19409","True"
"3","100","7","700","10.49","10489","0hard/0medium/-19401soft","0","0","-19401","True"
"3","100","7","700","10.49","10490","0hard/0medium/-19123soft","0","0","-19123","True"
"3","100","7","700","10.78","10780","0hard/0medium/-19081soft","0","0","-19081","True"
"3","100","7","700","11.09","11094","0hard/0medium/-18702soft","0","0","-18702","True"
"3","100","7","700","11.43","11429","0hard/0medium/-18514soft","0","0","-18514","True"
"3","100","7","700","11.43","11429","0hard/0medium/-18513soft","0","0","-18513","True"
"3","100","7","700","11.75","11754","0hard/0medium/-18325soft","0","0","-18325","True"
"3","100","7","700","12.12","12124","0hard/0medium/-18119soft","0","0","-18119","True"
"3","100","7","700","12.13","12128","0hard/0medium/-18101soft","0","0","-18101","True"
"3","100","7","700","12.78","12785","0hard/0medium/-18067soft","0","0","-18067","True"
"3","100","7","700","13","13005","0hard/0medium/-17893soft","0","0","-17893","True"
"3","100","7","700","13.15","13150","0hard/0medium/-17602soft","0","0","-17602","True"
"3","100","7","700","13.77","13768","0hard/0medium/-17528soft","0","0","-17528","True"
"3","100","7","700","13.9","13899","0hard/0medium/-17408soft","0","0","-17408","True"
"3","100","7","700","14.28","14283","0hard/0medium/-17225soft","0","0","-17225","True"
"3","100","7","700","14.65","14653","0hard/0medium/-17176soft","0","0","-17176","True"
"3","100","7","700","15.05","15053","0hard/0medium/-17088soft","0","0","-17088","True"
"3","100","7","700","15.06","15055","0hard/0medium/-16855soft","0","0","-16855","True"
"3","100","7","700","15.44","15435","0hard/0medium/-16798soft","0","0","-16798","True"
"3","100","7","700","15.44","15436","0hard/0medium/-16682soft","0","0","-16682","True"
"3","100","7","700","15.45","15448","0hard/0medium/-16599soft","0","0","-16599","True"
"3","100","7","700","15.86","15858","0hard/0medium/-16214soft","0","0","-16214","True"
"3","100","7","700","16.24","16242","0hard/0medium/-15867soft","0","0","-15867","True"
"3","100","7","700","17.56","17558","0hard/0medium/-15823soft","0","0","-15823","True"
"3","100","7","700","18.02","18015","0hard/0medium/-15538soft","0","0","-15538","True"
"3","100","7","700","18.02","18016","0hard/0medium/-15419soft","0","0","-15419","True"
"3","100","7","700","18.5","18504","0hard/0medium/-15375soft","0","0","-15375","True"
"3","100","7","700","19.42","19415","0hard/0medium/-15219soft","0","0","-15219","True"
"3","100","7","700","19.94","19945","0hard/0medium/-15071soft","0","0","-15071","True"
"3","100","7","700","19.94","19945","0hard/0medium/-14774soft","0","0","-14774","True"
"3","100","7","700","20.22","20220","0hard/0medium/-14386soft","0","0","-14386","True"
"3","100","7","700","25","25000","0hard/0medium/-14304soft","0","0","-14304","True"
"3","100","7","700","25.63","25628","0hard/0medium/-14277soft","0","0","-14277","True"
"3","100","7","700","25.64","25639","0hard/0medium/-13919soft","0","0","-13919","True"
"3","100","7","700","26.24","26241","0hard/0medium/-13867soft","0","0","-13867","True"
"3","100","7","700","26.91","26908","0hard/0medium/-13792soft","0","0","-13792","True"
"3","100","7","700","26.91","26908","0hard/0medium/-13684soft","0","0","-13684","True"
"3","100","7","700","28.43","28426","0hard/0medium/-13465soft","0","0","-13465","True"
"3","100","7","700","28.43","28426","0hard/0medium/-13424soft","0","0","-13424","True"
"3","100","7","700","29.14","29135","0hard/0medium/-13330soft","0","0","-13330","True"
"3","100","7","700","30.59","30592","0hard/0medium/-13320soft","0","0","-13320","True"
"3","100","7","700","32.2","32205","0hard/0medium/-13299soft","0","0","-13299","True"
"3","100","7","700","32.94","32940","0hard/0medium/-13239soft","0","0","-13239","True"
"3","100","7","700","33.37","33374","0hard/0medium/-13229soft","0","0","-13229","True"
"3","100","7","700","33.57","33569","0hard/0medium/-13143soft","0","0","-13143","True"
"3","100","7","700","33.71","33708","0hard/0medium/-13078soft","0","0","-13078","True"
"3","100","7","700","36.74","36737","0hard/0medium/-12695soft","0","0","-12695","True"
"3","100","7","700","40.51","40505","0hard/0medium/-12561soft","0","0","-12561","True"
"3","100","7","700","40.57","40568","0hard/0medium/-12463soft","0","0","-12463","True"
"3","100","7","700","41.48","41483","0hard/0medium/-12422soft","0","0","-12422","True"
"3","100","7","700","43.72","43725","0hard/0medium/-12408soft","0","0","-12408","True"
"3","100","7","700","45.24","45237","0hard/0medium/-12340soft","0","0","-12340","True"
"3","100","7","700","46.43","46431","0hard/0medium/-12336soft","0","0","-12336","True"
"3","100","7","700","46.52","46525","0hard/0medium/-12274soft","0","0","-12274","True"
"3","100","7","700","48.47","48473","0hard/0medium/-12265soft","0","0","-12265","True"
"3","100","7","700","48.54","48542","0hard/0medium/-12257soft","0","0","-12257","True"
"3","100","7","700","48.6","48599","0hard/0medium/-12255soft","0","0","-12255","True"
"3","100","7","700","48.6","48600","0hard/0medium/-12224soft","0","0","-12224","True"
"3","100","7","700","49.99","49987","0hard/0medium/-12161soft","0","0","-12161","True"
"3","100","7","700","50.56","50559","0hard/0medium/-11945soft","0","0","-11945","True"
"3","100","7","700","53.22","53216","0hard/0medium/-11846soft","0","0","-11846","True"
"3","100","7","700","56.88","56877","0hard/0medium/-11742soft","0","0","-11742","True"
"3","100","7","700","60.43","60431","0hard/0medium/-11705soft","0","0","-11705","True"
"3","100","7","700","60.47","60466","0hard/0medium/-11704soft","0","0","-11704","True"
"3","100","7","700","60.52","60517","0hard/0medium/-11623soft","0","0","-11623","True"
"3","100","7","700","61.68","61683","0hard/0medium/-11601soft","0","0","-11601","True"
"3","100","7","700","62.13","62133","0hard/0medium/-11540soft","0","0","-11540","True"
"3","100","7","700","63.02","63015","0hard/0medium/-11504soft","0","0","-11504","True"
"3","100","7","700","63.88","63884","0hard/0medium/-11501soft","0","0","-11501","True"
"3","100","7","700","66.63","66633","0hard/0medium/-11481soft","0","0","-11481","True"
"3","100","7","700","67.22","67218","0hard/0medium/-11446soft","0","0","-11446","True"
"3","100","7","700","68.24","68236","0hard/0medium/-11417soft","0","0","-11417","True"
"3","100","7","700","72.1","72095","0hard/0medium/-11336soft","0","0","-11336","True"
"3","100","7","700","72.18","72180","0hard/0medium/-11317soft","0","0","-11317","True"
"3","100","7","700","77.45","77449","0hard/0medium/-11310soft","0","0","-11310","True"
"3","100","7","700","78.7","78704","0hard/0medium/-11239soft","0","0","-11239","True"
"3","100","7","700","82.11","82107","0hard/0medium/-11223soft","0","0","-11223","True"
"3","100","7","700","82.12","82120","0hard/0medium/-11127soft","0","0","-11127","True"
"3","100","7","700","84.49","84492","0hard/0medium/-11094soft","0","0","-11094","True"
"3","100","7","700","93.91","93913","0hard/0medium/-11087soft","0","0","-11087","True"
"3","100","7","700","93.92","93916","0hard/0medium/-11067soft","0","0","-11067","True"
"3","100","7","700","99.83","99827","0hard/0medium/-11055soft","0","0","-11055","True"
"3","100","7","700","100.96","100960","0hard/0medium/-11042soft","0","0","-11042","True"
"3","100","7","700","102.7","102704","0hard/0medium/-11016soft","0","0","-11016","True"
"3","100","7","700","110.18","110175","0hard/0medium/-10995soft","0","0","-10995","True"
"3","100","7","700","113.36","113362","0hard/0medium/-10994soft","0","0","-10994","True"
"3","100","7","700","116.3","116298","0hard/0medium/-10964soft","0","0","-10964","True"
"3","100","7","700","121.46","121456","0hard/0medium/-10963soft","0","0","-10963","True"
"3","100","7","700","128.92","128916","0hard/0medium/-10962soft","0","0","-10962","True"
"3","100","7","700","132.94","132937","0hard/0medium/-10958soft","0","0","-10958","True"
"3","100","7","700","137.58","137577","0hard/0medium/-10956soft","0","0","-10956","True"
"3","100","7","700","142.32","142323","0hard/0medium/-10943soft","0","0","-10943","True"
"3","100","7","700","142.82","142819","0hard/0medium/-10924soft","0","0","-10924","True"
"3","100","7","700","150.83","150830","0hard/0medium/-10917soft","0","0","-10917","True"
"3","100","7","700","153.26","153256","0hard/0medium/-10898soft","0","0","-10898","True"
"3","100","7","700","154.99","154988","0hard/0medium/-10878soft","0","0","-10878","True"
"4","200","7","1400","0.01","13","0hard/0medium/-98595soft","0","0","-98595","True"
"4","200","7","1400","0.02","15","0hard/0medium/-97576soft","0","0","-97576","True"
"4","200","7","1400","0.02","17","0hard/0medium/-96458soft","0","0","-96458","True"
"4","200","7","1400","0.02","18","0hard/0medium/-96010soft","0","0","-96010","True"
"4","200","7","1400","0.02","19","0hard/0medium/-95769soft","0","0","-95769","True"
"4","200","7","1400","0.04","39","0hard/0medium/-95493soft","0","0","-95493","True"
"4","200","7","1400","0.04","40","0hard/0medium/-95332soft","0","0","-95332","True"
"4","200","7","1400","0.04","41","0hard/0medium/-95077soft","0","0","-95077","True"
"4","200","7","1400","0.04","42","0hard/0medium/-94717soft","0","0","-94717","True"
"4","200","7","1400","0.04","43","0hard/0medium/-94678soft","0","0","-94678","True"
"4","200","7","1400","0.04","43","0hard/0medium/-94465soft","0","0","-94465","True"
"4","200","7","1400","0.04","44","0hard/0medium/-94455soft","0","0","-94455","True"
"4","200","7","1400","0.04","45","0hard/0medium/-93599soft","0","0","-93599","True"
"4","200","7","1400","0.05","47","0hard/0medium/-93473soft","0","0","-93473","True"
"4","200","7","1400","0.05","49","0hard/0medium/-92709soft","0","0","-92709","True"
"4","200","7","1400","0.05","49","0hard/0medium/-92387soft","0","0","-92387","True"
"4","200","7","1400","0.08","79","0hard/0medium/-91744soft","0","0","-91744","True"
"4","200","7","1400","0.08","80","0hard/0medium/-91603soft","0","0","-91603","True"
"4","200","7","1400","0.08","81","0hard/0medium/-91275soft","0","0","-91275","True"
"4","200","7","1400","0.08","82","0hard/0medium/-90542soft","0","0","-90542","True"
"4","200","7","1400","0.08","85","0hard/0medium/-90457soft","0","0","-90457","True"
"4","200","7","1400","0.09","86","0hard/0medium/-90148soft","0","0","-90148","True"
"4","200","7","1400","0.09","88","0hard/0medium/-89331soft","0","0","-89331","True"
"4","200","7","1400","0.09","89","0hard/0medium/-89031soft","0","0","-89031","True"
"4","200","7","1400","0.16","161","0hard/0medium/-88224soft","0","0","-88224","True"
"4","200","7","1400","0.17","170","0hard/0medium/-88201soft","0","0","-88201","True"
"4","200","7","1400","0.17","171","0hard/0medium/-87406soft","0","0","-87406","True"
"4","200","7","1400","0.17","172","0hard/0medium/-86818soft","0","0","-86818","True"
"4","200","7","1400","0.17","173","0hard/0medium/-86429soft","0","0","-86429","True"
"4","200","7","1400","0.17","173","0hard/0medium/-86357soft","0","0","-86357","True"
"4","200","7","1400","0.23","227","0hard/0medium/-86148soft","0","0","-86148","True"
"4","200","7","1400","0.24","236","0hard/0medium/-85333soft","0","0","-85333","True"
"4","200","7","1400","0.24","236","0hard/0medium/-85129soft","0","0","-85129","True"
"4","200","7","1400","0.25","249","0hard/0medium/-84260soft","0","0","-84260","True"
"4","200","7","1400","0.25","250","0hard/0medium/-83728soft","0","0","-83728","True"
"4","200","7","1400","0.25","250","0hard/0medium/-83198soft","0","0","-83198","True"
"4","200","7","1400","0.25","251","0hard/0medium/-82750soft","0","0","-82750","True"
"4","200","7","1400","0.34","337","0hard/0medium/-82158soft","0","0","-82158","True"
"4","200","7","1400","0.34","337","0hard/0medium/-80976soft","0","0","-80976","True"
"4","200","7","1400","0.34","338","0hard/0medium/-80308soft","0","0","-80308","True"
"4","200","7","1400","0.34","339","0hard/0medium/-79636soft","0","0","-79636","True"
"4","200","7","1400","0.34","339","0hard/0medium/-78497soft","0","0","-78497","True"
"4","200","7","1400","0.47","471","0hard/0medium/-78483soft","0","0","-78483","True"
"4","200","7","1400","0.49","489","0hard/0medium/-78419soft","0","0","-78419","True"
"4","200","7","1400","0.49","490","0hard/0medium/-78195soft","0","0","-78195","True"
"4","200","7","1400","0.5","501","0hard/0medium/-77792soft","0","0","-77792","True"
"4","200","7","1400","0.5","502","0hard/0medium/-77548soft","0","0","-77548","True"
"4","200","7","1400","0.5","502","0hard/0medium/-77257soft","0","0","-77257","True"
"4","200","7","1400","0.5","504","0hard/0medium/-77023soft","0","0","-77023","True"
"4","200","7","1400","0.51","506","0hard/0medium/-76829soft","0","0","-76829","True"
"4","200","7","1400","0.51","507","0hard/0medium/-76356soft","0","0","-76356","True"
"4","200","7","1400","0.54","537","0hard/0medium/-75903soft","0","0","-75903","True"
"4","200","7","1400","0.54","539","0hard/0medium/-75852soft","0","0","-75852","True"
"4","200","7","1400","0.59","592","0hard/0medium/-75642soft","0","0","-75642","True"
"4","200","7","1400","0.59","593","0hard/0medium/-75318soft","0","0","-75318","True"
"4","200","7","1400","0.59","594","0hard/0medium/-74976soft","0","0","-74976","True"
"4","200","7","1400","0.59","594","0hard/0medium/-74304soft","0","0","-74304","True"
"4","200","7","1400","0.63","628","0hard/0medium/-73980soft","0","0","-73980","True"
"4","200","7","1400","0.63","628","0hard/0medium/-73630soft","0","0","-73630","True"
"4","200","7","1400","0.69","693","0hard/0medium/-73485soft","0","0","-73485","True"
"4","200","7","1400","0.73","732","0hard/0medium/-73416soft","0","0","-73416","True"
"4","200","7","1400","0.73","733","0hard/0medium/-73398soft","0","0","-73398","True"
"4","200","7","1400","0.79","790","0hard/0medium/-72630soft","0","0","-72630","True"
"4","200","7","1400","0.79","791","0hard/0medium/-72078soft","0","0","-72078","True"
"4","200","7","1400","0.83","826","0hard/0medium/-71863soft","0","0","-71863","True"
"4","200","7","1400","0.83","829","0hard/0medium/-71283soft","0","0","-71283","True"
"4","200","7","1400","0.92","922","0hard/0medium/-71102soft","0","0","-71102","True"
"4","200","7","1400","0.92","923","0hard/0medium/-70657soft","0","0","-70657","True"
"4","200","7","1400","0.93","926","0hard/0medium/-70121soft","0","0","-70121","True"
"4","200","7","1400","0.93","927","0hard/0medium/-69816soft","0","0","-69816","True"
"4","200","7","1400","1.04","1036","0hard/0medium/-68758soft","0","0","-68758","True"
"4","200","7","1400","1.04","1037","0hard/0medium/-67605soft","0","0","-67605","True"
"4","200","7","1400","1.04","1038","0hard/0medium/-67314soft","0","0","-67314","True"
"4","200","7","1400","1.14","1136","0hard/0medium/-67096soft","0","0","-67096","True"
"4","200","7","1400","1.23","1232","0hard/0medium/-66918soft","0","0","-66918","True"
"4","200","7","1400","1.23","1233","0hard/0medium/-66537soft","0","0","-66537","True"
"4","200","7","1400","1.23","1234","0hard/0medium/-65904soft","0","0","-65904","True"
"4","200","7","1400","1.24","1235","0hard/0medium/-65831soft","0","0","-65831","True"
"4","200","7","1400","1.24","1235","0hard/0medium/-64688soft","0","0","-64688","True"
"4","200","7","1400","1.24","1236","0hard/0medium/-63932soft","0","0","-63932","True"
"4","200","7","1400","1.24","1237","0hard/0medium/-63727soft","0","0","-63727","True"
"4","200","7","1400","1.34","1343","0hard/0medium/-63161soft","0","0","-63161","True"
"4","200","7","1400","1.34","1344","0hard/0medium/-63000soft","0","0","-63000","True"
"4","200","7","1400","1.45","1449","0hard/0medium/-62622soft","0","0","-62622","True"
"4","200","7","1400","1.56","1558","0hard/0medium/-61992soft","0","0","-61992","True"
"4","200","7","1400","1.56","1560","0hard/0medium/-61624soft","0","0","-61624","True"
"4","200","7","1400","1.66","1665","0hard/0medium/-61415soft","0","0","-61415","True"
"4","200","7","1400","1.67","1666","0hard/0medium/-60541soft","0","0","-60541","True"
"4","200","7","1400","1.78","1775","0hard/0medium/-59860soft","0","0","-59860","True"
"4","200","7","1400","1.78","1775","0hard/0medium/-59599soft","0","0","-59599","True"
"4","200","7","1400","1.78","1777","0hard/0medium/-58742soft","0","0","-58742","True"
"4","200","7","1400","1.78","1777","0hard/0medium/-58257soft","0","0","-58257","True"
"4","200","7","1400","1.9","1897","0hard/0medium/-58028soft","0","0","-58028","True"
"4","200","7","1400","2","2002","0hard/0medium/-57223soft","0","0","-57223","True"
"4","200","7","1400","2.11","2111","0hard/0medium/-57180soft","0","0","-57180","True"
"4","200","7","1400","2.22","2223","0hard/0medium/-57140soft","0","0","-57140","True"
"4","200","7","1400","2.34","2339","0hard/0medium/-57097soft","0","0","-57097","True"
"4","200","7","1400","2.34","2343","0hard/0medium/-56870soft","0","0","-56870","True"
"4","200","7","1400","2.37","2368","0hard/0medium/-56398soft","0","0","-56398","True"
"4","200","7","1400","2.46","2464","0hard/0medium/-56180soft","0","0","-56180","True"
"4","200","7","1400","2.48","2477","0hard/0medium/-55972soft","0","0","-55972","True"
"4","200","7","1400","2.58","2581","0hard/0medium/-55484soft","0","0","-55484","True"
"4","200","7","1400","2.58","2581","0hard/0medium/-55061soft","0","0","-55061","True"
"4","200","7","1400","2.59","2593","0hard/0medium/-54893soft","0","0","-54893","True"
"4","200","7","1400","2.59","2593","0hard/0medium/-54854soft","0","0","-54854","True"
"4","200","7","1400","2.69","2688","0hard/0medium/-54519soft","0","0","-54519","True"
"4","200","7","1400","2.71","2706","0hard/0medium/-54336soft","0","0","-54336","True"
"4","200","7","1400","2.71","2707","0hard/0medium/-54234soft","0","0","-54234","True"
"4","200","7","1400","2.71","2707","0hard/0medium/-53892soft","0","0","-53892","True"
"4","200","7","1400","2.81","2813","0hard/0medium/-53754soft","0","0","-53754","True"
"4","200","7","1400","2.84","2838","0hard/0medium/-53257soft","0","0","-53257","True"
"4","200","7","1400","2.98","2975","0hard/0medium/-53109soft","0","0","-53109","True"
"4","200","7","1400","2.98","2976","0hard/0medium/-52481soft","0","0","-52481","True"
"4","200","7","1400","3.07","3067","0hard/0medium/-52467soft","0","0","-52467","True"
"4","200","7","1400","3.11","3109","0hard/0medium/-52459soft","0","0","-52459","True"
"4","200","7","1400","3.11","3110","0hard/0medium/-52137soft","0","0","-52137","True"
"4","200","7","1400","3.15","3148","0hard/0medium/-51744soft","0","0","-51744","True"
"4","200","7","1400","3.15","3150","0hard/0medium/-51608soft","0","0","-51608","True"
"4","200","7","1400","3.15","3150","0hard/0medium/-51220soft","0","0","-51220","True"
"4","200","7","1400","3.15","3151","0hard/0medium/-51074soft","0","0","-51074","True"
"4","200","7","1400","3.27","3273","0hard/0medium/-50592soft","0","0","-50592","True"
"4","200","7","1400","3.28","3275","0hard/0medium/-50450soft","0","0","-50450","True"
"4","200","7","1400","3.4","3402","0hard/0medium/-50206soft","0","0","-50206","True"
"4","200","7","1400","3.4","3403","0hard/0medium/-49576soft","0","0","-49576","True"
"4","200","7","1400","3.47","3467","0hard/0medium/-48942soft","0","0","-48942","True"
"4","200","7","1400","3.54","3545","0hard/0medium/-48101soft","0","0","-48101","True"
"4","200","7","1400","3.55","3546","0hard/0medium/-47774soft","0","0","-47774","True"
"4","200","7","1400","3.67","3673","0hard/0medium/-47407soft","0","0","-47407","True"
"4","200","7","1400","3.67","3674","0hard/0medium/-47221soft","0","0","-47221","True"
"4","200","7","1400","3.82","3816","0hard/0medium/-47181soft","0","0","-47181","True"
"4","200","7","1400","3.82","3817","0hard/0medium/-46920soft","0","0","-46920","True"
"4","200","7","1400","4.09","4094","0hard/0medium/-46505soft","0","0","-46505","True"
"4","200","7","1400","4.1","4098","0hard/0medium/-46037soft","0","0","-46037","True"
"4","200","7","1400","4.1","4100","0hard/0medium/-45585soft","0","0","-45585","True"
"4","200","7","1400","4.24","4235","0hard/0medium/-45102soft","0","0","-45102","True"
"4","200","7","1400","4.39","4391","0hard/0medium/-44817soft","0","0","-44817","True"
"4","200","7","1400","4.68","4676","0hard/0medium/-44497soft","0","0","-44497","True"
"4","200","7","1400","4.68","4684","0hard/0medium/-44321soft","0","0","-44321","True"
"4","200","7","1400","4.69","4689","0hard/0medium/-44032soft","0","0","-44032","True"
"4","200","7","1400","4.69","4690","0hard/0medium/-43013soft","0","0","-43013","True"
"4","200","7","1400","4.85","4847","0hard/0medium/-42980soft","0","0","-42980","True"
"4","200","7","1400","4.85","4848","0hard/0medium/-42876soft","0","0","-42876","True"
"4","200","7","1400","4.85","4850","0hard/0medium/-42058soft","0","0","-42058","True"
"4","200","7","1400","5.22","5219","0hard/0medium/-41878soft","0","0","-41878","True"
"4","200","7","1400","5.4","5395","0hard/0medium/-41383soft","0","0","-41383","True"
"4","200","7","1400","5.4","5397","0hard/0medium/-41138soft","0","0","-41138","True"
"4","200","7","1400","5.4","5398","0hard/0medium/-40651soft","0","0","-40651","True"
"4","200","7","1400","5.98","5977","0hard/0medium/-40445soft","0","0","-40445","True"
"4","200","7","1400","5.98","5978","0hard/0medium/-40038soft","0","0","-40038","True"
"4","200","7","1400","6","6002","0hard/0medium/-40007soft","0","0","-40007","True"
"4","200","7","1400","6.07","6068","0hard/0medium/-39887soft","0","0","-39887","True"
"4","200","7","1400","6.16","6159","0hard/0medium/-39666soft","0","0","-39666","True"
"4","200","7","1400","6.17","6168","0hard/0medium/-39625soft","0","0","-39625","True"
"4","200","7","1400","6.33","6330","0hard/0medium/-39114soft","0","0","-39114","True"
"4","200","7","1400","6.56","6561","0hard/0medium/-38866soft","0","0","-38866","True"
"4","200","7","1400","6.74","6739","0hard/0medium/-38657soft","0","0","-38657","True"
"4","200","7","1400","6.75","6750","0hard/0medium/-38136soft","0","0","-38136","True"
"4","200","7","1400","6.75","6751","0hard/0medium/-37793soft","0","0","-37793","True"
"4","200","7","1400","6.92","6922","0hard/0medium/-37414soft","0","0","-37414","True"
"4","200","7","1400","7.37","7370","0hard/0medium/-37170soft","0","0","-37170","True"
"4","200","7","1400","7.37","7371","0hard/0medium/-36867soft","0","0","-36867","True"
"4","200","7","1400","7.45","7450","0hard/0medium/-36534soft","0","0","-36534","True"
"4","200","7","1400","7.84","7840","0hard/0medium/-36045soft","0","0","-36045","True"
"4","200","7","1400","7.98","7982","0hard/0medium/-35941soft","0","0","-35941","True"
"4","200","7","1400","8.18","8183","0hard/0medium/-35823soft","0","0","-35823","True"
"4","200","7","1400","8.2","8196","0hard/0medium/-35543soft","0","0","-35543","True"
"4","200","7","1400","8.2","8198","0hard/0medium/-34925soft","0","0","-34925","True"
"4","200","7","1400","8.39","8394","0hard/0medium/-34792soft","0","0","-34792","True"
"4","200","7","1400","8.62","8617","0hard/0medium/-34649soft","0","0","-34649","True"
"4","200","7","1400","8.69","8691","0hard/0medium/-34611soft","0","0","-34611","True"
"4","200","7","1400","8.83","8831","0hard/0medium/-34603soft","0","0","-34603","True"
"4","200","7","1400","8.83","8832","0hard/0medium/-34479soft","0","0","-34479","True"
"4","200","7","1400","8.9","8905","0hard/0medium/-34281soft","0","0","-34281","True"
"4","200","7","1400","9.02","9022","0hard/0medium/-34157soft","0","0","-34157","True"
"4","200","7","1400","9.06","9060","0hard/0medium/-34093soft","0","0","-34093","True"
"4","200","7","1400","9.11","9107","0hard/0medium/-34067soft","0","0","-34067","True"
"4","200","7","1400","9.22","9225","0hard/0medium/-33935soft","0","0","-33935","True"
"4","200","7","1400","9.23","9230","0hard/0medium/-33739soft","0","0","-33739","True"
"4","200","7","1400","9.23","9231","0hard/0medium/-33491soft","0","0","-33491","True"
"4","200","7","1400","9.31","9307","0hard/0medium/-32661soft","0","0","-32661","True"
"4","200","7","1400","9.44","9438","0hard/0medium/-32626soft","0","0","-32626","True"
"4","200","7","1400","9.8","9797","0hard/0medium/-32534soft","0","0","-32534","True"
"4","200","7","1400","10.02","10020","0hard/0medium/-32133soft","0","0","-32133","True"
"4","200","7","1400","10.34","10339","0hard/0medium/-32070soft","0","0","-32070","True"
"4","200","7","1400","10.35","10353","0hard/0medium/-32033soft","0","0","-32033","True"
"4","200","7","1400","10.35","10354","0hard/0medium/-32005soft","0","0","-32005","True"
"4","200","7","1400","10.36","10355","0hard/0medium/-30865soft","0","0","-30865","True"
"4","200","7","1400","10.82","10816","0hard/0medium/-30006soft","0","0","-30006","True"
"4","200","7","1400","11.08","11077","0hard/0medium/-29572soft","0","0","-29572","True"
"4","200","7","1400","11.08","11079","0hard/0medium/-29388soft","0","0","-29388","True"
"4","200","7","1400","11.08","11080","0hard/0medium/-29225soft","0","0","-29225","True"
"4","200","7","1400","11.83","11834","0hard/0medium/-29007soft","0","0","-29007","True"
"4","200","7","1400","12.53","12533","0hard/0medium/-28909soft","0","0","-28909","True"
"4","200","7","1400","12.56","12555","0hard/0medium/-28599soft","0","0","-28599","True"
"4","200","7","1400","12.56","12556","0hard/0medium/-28557soft","0","0","-28557","True"
"4","200","7","1400","12.56","12558","0hard/0medium/-28154soft","0","0","-28154","True"
"4","200","7","1400","12.84","12839","0hard/0medium/-28127soft","0","0","-28127","True"
"4","200","7","1400","12.84","12840","0hard/0medium/-27883soft","0","0","-27883","True"
"4","200","7","1400","12.84","12842","0hard/0medium/-27699soft","0","0","-27699","True"
"4","200","7","1400","12.84","12843","0hard/0medium/-27454soft","0","0","-27454","True"
"4","200","7","1400","13.11","13114","0hard/0medium/-27290soft","0","0","-27290","True"
"4","200","7","1400","13.73","13732","0hard/0medium/-27004soft","0","0","-27004","True"
"4","200","7","1400","14.02","14023","0hard/0medium/-26674soft","0","0","-26674","True"
"4","200","7","1400","14.61","14606","0hard/0medium/-26093soft","0","0","-26093","True"
"4","200","7","1400","14.74","14736","0hard/0medium/-25807soft","0","0","-25807","True"
"4","200","7","1400","15.27","15272","0hard/0medium/-25679soft","0","0","-25679","True"
"4","200","7","1400","15.49","15487","0hard/0medium/-25428soft","0","0","-25428","True"
"4","200","7","1400","15.6","15605","0hard/0medium/-25380soft","0","0","-25380","True"
"4","200","7","1400","15.82","15821","0hard/0medium/-25087soft","0","0","-25087","True"
"4","200","7","1400","16.15","16152","0hard/0medium/-25000soft","0","0","-25000","True"
"4","200","7","1400","16.15","16153","0hard/0medium/-24348soft","0","0","-24348","True"
"4","200","7","1400","16.54","16538","0hard/0medium/-24337soft","0","0","-24337","True"
"4","200","7","1400","16.92","16923","0hard/0medium/-24271soft","0","0","-24271","True"
"4","200","7","1400","17.1","17097","0hard/0medium/-24151soft","0","0","-24151","True"
"4","200","7","1400","17.1","17098","0hard/0medium/-23772soft","0","0","-23772","True"
"4","200","7","1400","17.75","17752","0hard/0medium/-23731soft","0","0","-23731","True"
"4","200","7","1400","18.06","18063","0hard/0medium/-23526soft","0","0","-23526","True"
"4","200","7","1400","18.16","18161","0hard/0medium/-23015soft","0","0","-23015","True"
"4","200","7","1400","18.2","18197","0hard/0medium/-22901soft","0","0","-22901","True"
"4","200","7","1400","18.33","18334","0hard/0medium/-22711soft","0","0","-22711","True"
"4","200","7","1400","18.69","18687","0hard/0medium/-22235soft","0","0","-22235","True"
"4","200","7","1400","19.21","19214","0hard/0medium/-21984soft","0","0","-21984","True"
"4","200","7","1400","19.78","19777","0hard/0medium/-21820soft","0","0","-21820","True"
"4","200","7","1400","20.11","20114","0hard/0medium/-21624soft","0","0","-21624","True"
"4","200","7","1400","20.12","20121","0hard/0medium/-21504soft","0","0","-21504","True"
"4","200","7","1400","20.95","20950","0hard/0medium/-21061soft","0","0","-21061","True"
"4","200","7","1400","20.95","20952","0hard/0medium/-20861soft","0","0","-20861","True"
"4","200","7","1400","21.73","21732","0hard/0medium/-20688soft","0","0","-20688","True"
"4","200","7","1400","22.12","22115","0hard/0medium/-20617soft","0","0","-20617","True"
"4","200","7","1400","22.46","22458","0hard/0medium/-20609soft","0","0","-20609","True"
"4","200","7","1400","22.46","22464","0hard/0medium/-20392soft","0","0","-20392","True"
"4","200","7","1400","22.82","22823","0hard/0medium/-20152soft","0","0","-20152","True"
"4","200","7","1400","22.82","22824","0hard/0medium/-20115soft","0","0","-20115","True"
"4","200","7","1400","23.17","23167","0hard/0medium/-20026soft","0","0","-20026","True"
"4","200","7","1400","23.25","23253","0hard/0medium/-19652soft","0","0","-19652","True"
"4","200","7","1400","24.03","24034","0hard/0medium/-19438soft","0","0","-19438","True"
"4","200","7","1400","24.03","24034","0hard/0medium/-19395soft","0","0","-19395","True"
"4","200","7","1400","24.04","24040","0hard/0medium/-19378soft","0","0","-19378","True"
"4","200","7","1400","24.43","24428","0hard/0medium/-19187soft","0","0","-19187","True"
"4","200","7","1400","24.43","24430","0hard/0medium/-19004soft","0","0","-19004","True"
"4","200","7","1400","24.43","24431","0hard/0medium/-18829soft","0","0","-18829","True"
"4","200","7","1400","24.43","24432","0hard/0medium/-18787soft","0","0","-18787","True"
"4","200","7","1400","24.84","24845","0hard/0medium/-18394soft","0","0","-18394","True"
"4","200","7","1400","25.79","25789","0hard/0medium/-18353soft","0","0","-18353","True"
"4","200","7","1400","25.79","25790","0hard/0medium/-18292soft","0","0","-18292","True"
"4","200","7","1400","25.79","25790","0hard/0medium/-18124soft","0","0","-18124","True"
"4","200","7","1400","26.19","26188","0hard/0medium/-17934soft","0","0","-17934","True"
"4","200","7","1400","27.09","27092","0hard/0medium/-17929soft","0","0","-17929","True"
"4","200","7","1400","27.09","27093","0hard/0medium/-17459soft","0","0","-17459","True"
"4","200","7","1400","27.52","27516","0hard/0medium/-17455soft","0","0","-17455","True"
"4","200","7","1400","28.31","28312","0hard/0medium/-17365soft","0","0","-17365","True"
"4","200","7","1400","28.43","28434","0hard/0medium/-17294soft","0","0","-17294","True"
"4","200","7","1400","28.44","28435","0hard/0medium/-16581soft","0","0","-16581","True"
"4","200","7","1400","28.85","28851","0hard/0medium/-16161soft","0","0","-16161","True"
"4","200","7","1400","31.33","31328","0hard/0medium/-15845soft","0","0","-15845","True"
"4","200","7","1400","31.85","31849","0hard/0medium/-15757soft","0","0","-15757","True"
"4","200","7","1400","31.85","31850","0hard/0medium/-15427soft","0","0","-15427","True"
"4","200","7","1400","32.38","32382","0hard/0medium/-15132soft","0","0","-15132","True"
"4","200","7","1400","33.31","33312","0hard/0medium/-14794soft","0","0","-14794","True"
"4","200","7","1400","34.83","34827","0hard/0medium/-14502soft","0","0","-14502","True"
"4","200","7","1400","34.83","34831","0hard/0medium/-14461soft","0","0","-14461","True"
"4","200","7","1400","35.33","35327","0hard/0medium/-14378soft","0","0","-14378","True"
"4","200","7","1400","35.89","35894","0hard/0medium/-14115soft","0","0","-14115","True"
"4","200","7","1400","35.9","35900","0hard/0medium/-13988soft","0","0","-13988","True"
"4","200","7","1400","38.1","38098","0hard/0medium/-13959soft","0","0","-13959","True"
"4","200","7","1400","38.65","38645","0hard/0medium/-13779soft","0","0","-13779","True"
"4","200","7","1400","38.65","38646","0hard/0medium/-13370soft","0","0","-13370","True"
"4","200","7","1400","39.13","39130","0hard/0medium/-13326soft","0","0","-13326","True"
"4","200","7","1400","40.89","40886","0hard/0medium/-12628soft","0","0","-12628","True"
"4","200","7","1400","40.89","40887","0hard/0medium/-12527soft","0","0","-12527","True"
"4","200","7","1400","44.14","44145","0hard/0medium/-12492soft","0","0","-12492","True"
"4","200","7","1400","45.42","45418","0hard/0medium/-12368soft","0","0","-12368","True"
"4","200","7","1400","45.42","45423","0hard/0medium/-12334soft","0","0","-12334","True"
"4","200","7","1400","46","46004","0hard/0medium/-12191soft","0","0","-12191","True"
"4","200","7","1400","46.04","46036","0hard/0medium/-12120soft","0","0","-12120","True"
"4","200","7","1400","46.32","46316","0hard/0medium/-11999soft","0","0","-11999","True"
"4","200","7","1400","46.35","46353","0hard/0medium/-11770soft","0","0","-11770","True"
"4","200","7","1400","47.1","47095","0hard/0medium/-11693soft","0","0","-11693","True"
"4","200","7","1400","47.1","47096","0hard/0medium/-11571soft","0","0","-11571","True"
"4","200","7","1400","47.1","47096","0hard/0medium/-11528soft","0","0","-11528","True"
"4","200","7","1400","48.51","48508","0hard/0medium/-11454soft","0","0","-11454","True"
"4","200","7","1400","50.02","50018","0hard/0medium/-11377soft","0","0","-11377","True"
"4","200","7","1400","51.2","51195","0hard/0medium/-11341soft","0","0","-11341","True"
"4","200","7","1400","51.47","51467","0hard/0medium/-11238soft","0","0","-11238","True"
"4","200","7","1400","52.11","52113","0hard/0medium/-11156soft","0","0","-11156","True"
"4","200","7","1400","52.85","52848","0hard/0medium/-11096soft","0","0","-11096","True"
"4","200","7","1400","53.65","53649","0hard/0medium/-11032soft","0","0","-11032","True"
"4","200","7","1400","53.68","53683","0hard/0medium/-10631soft","0","0","-10631","True"
"4","200","7","1400","55.11","55111","0hard/0medium/-10343soft","0","0","-10343","True"
"4","200","7","1400","56.93","56930","0hard/0medium/-9727soft","0","0","-9727","True"
"4","200","7","1400","61.54","61542","0hard/0medium/-9513soft","0","0","-9513","True"
"4","200","7","1400","62.36","62360","0hard/0medium/-9502soft","0","0","-9502","True"
"4","200","7","1400","62.72","62715","0hard/0medium/-9433soft","0","0","-9433","True"
"4","200","7","1400","63.74","63741","0hard/0medium/-9338soft","0","0","-9338","True"
"4","200","7","1400","64.18","64181","0hard/0medium/-9133soft","0","0","-9133","True"
"4","200","7","1400","67.94","67935","0hard/0medium/-8904soft","0","0","-8904","True"
"4","200","7","1400","72.64","72637","0hard/0medium/-8445soft","0","0","-8445","True"
"4","200","7","1400","76.65","76648","0hard/0medium/-8363soft","0","0","-8363","True"
"4","200","7","1400","78.79","78788","0hard/0medium/-8233soft","0","0","-8233","True"
"4","200","7","1400","79.83","79834","0hard/0medium/-8130soft","0","0","-8130","True"
"4","200","7","1400","80.74","80736","0hard/0medium/-8044soft","0","0","-8044","True"
"4","200","7","1400","81.52","81517","0hard/0medium/-7995soft","0","0","-7995","True"
"4","200","7","1400","82.88","82883","0hard/0medium/-7887soft","0","0","-7887","True"
"4","200","7","1400","83.04","83045","0hard/0medium/-7861soft","0","0","-7861","True"
"4","200","7","1400","83.81","83812","0hard/0medium/-7754soft","0","0","-7754","True"
"4","200","7","1400","84.25","84252","0hard/0medium/-7658soft","0","0","-7658","True"
"4","200","7","1400","84.26","84257","0hard/0medium/-7641soft","0","0","-7641","True"
"4","200","7","1400","85.26","85255","0hard/0medium/-7445soft","0","0","-7445","True"
"4","200","7","1400","90.42","90415","0hard/0medium/-7318soft","0","0","-7318","True"
"4","200","7","1400","90.62","90615","0hard/0medium/-7215soft","0","0","-7215","True"
"4","200","7","1400","94.64","94636","0hard/0medium/-7207soft","0","0","-7207","True"
"4","200","7","1400","95.99","95990","0hard/0medium/-7138soft","0","0","-7138","True"
"4","200","7","1400","96.23","96226","0hard/0medium/-7096soft","0","0","-7096","True"
"4","200","7","1400","98.82","98824","0hard/0medium/-6884soft","0","0","-6884","True"
"4","200","7","1400","98.83","98826","0hard/0medium/-6866soft","0","0","-6866","True"
"4","200","7","1400","103.08","103085","0hard/0medium/-6850soft","0","0","-6850","True"
"4","200","7","1400","103.96","103955","0hard/0medium/-6787soft","0","0","-6787","True"
"4","200","7","1400","106.47","106469","0hard/0medium/-6740soft","0","0","-6740","True"
"4","200","7","1400","106.47","106472","0hard/0medium/-6554soft","0","0","-6554","True"
"4","200","7","1400","107.69","107694","0hard/0medium/-6529soft","0","0","-6529","True"
"4","200","7","1400","110.85","110852","0hard/0medium/-6203soft","0","0","-6203","True"
"4","200","7","1400","111.18","111177","0hard/0medium/-6122soft","0","0","-6122","True"
"4","200","7","1400","128.59","128590","0hard/0medium/-6109soft","0","0","-6109","True"
"4","200","7","1400","128.61","128612","0hard/0medium/-6103soft","0","0","-6103","True"
"4","200","7","1400","128.61","128614","0hard/0medium/-6038soft","0","0","-6038","True"
"4","200","7","1400","128.62","128615","0hard/0medium/-6015soft","0","0","-6015","True"
"4","200","7","1400","130.5","130505","0hard/0medium/-5997soft","0","0","-5997","True"
"4","200","7","1400","130.51","130507","0hard/0medium/-5979soft","0","0","-5979","True"
"4","200","7","1400","130.56","130556","0hard/0medium/-5860soft","0","0","-5860","True"
"4","200","7","1400","138.65","138652","0hard/0medium/-5745soft","0","0","-5745","True"
"4","200","7","1400","140.72","140722","0hard/0medium/-5698soft","0","0","-5698","True"
"4","200","7","1400","140.74","140738","0hard/0medium/-5694soft","0","0","-5694","True"
"4","200","7","1400","145.49","145485","0hard/0medium/-5644soft","0","0","-5644","True"
"4","200","7","1400","145.49","145488","0hard/0medium/-5642soft","0","0","-5642","True"
"4","200","7","1400","154.95","154948","0hard/0medium/-5611soft","0","0","-5611","True"
"4","200","7","1400","154.97","154967","0hard/0medium/-5560soft","0","0","-5560","True"
"4","200","7","1400","154.97","154969","0hard/0medium/-5533soft","0","0","-5533","True"
"4","200","7","1400","157.55","157550","0hard/0medium/-5532soft","0","0","-5532","True"
"4","200","7","1400","157.57","157572","0hard/0medium/-5507soft","0","0","-5507","True"
"4","200","7","1400","168.96","168961","0hard/0medium/-5463soft","0","0","-5463","True"
"4","200","7","1400","171.89","171893","0hard/0medium/-5440soft","0","0","-5440","True"
"4","200","7","1400","171.9","171905","0hard/0medium/-5428soft","0","0","-5428","True"
"4","200","7","1400","171.91","171914","0hard/0medium/-5421soft","0","0","-5421","True"
"4","200","7","1400","178.17","178170","0hard/0medium/-5395soft","0","0","-5395","True"
"4","200","7","1400","178.27","178266","0hard/0medium/-5383soft","0","0","-5383","True"
"4","200","7","1400","178.3","178298","0hard/0medium/-5375soft","0","0","-5375","True"
"4","200","7","1400","178.33","178333","0hard/0medium/-5354soft","0","0","-5354","True"
"4","200","7","1400","181.35","181353","0hard/0medium/-5339soft","0","0","-5339","True"
"4","200","7","1400","181.98","181983","0hard/0medium/-5332soft","0","0","-5332","True"
"4","200","7","1400","184.58","184579","0hard/0medium/-5311soft","0","0","-5311","True"
"4","200","7","1400","187.98","187980","0hard/0medium/-5298soft","0","0","-5298","True"
"4","200","7","1400","188.01","188008","0hard/0medium/-5255soft","0","0","-5255","True"
"4","200","7","1400","203.02","203017","0hard/0medium/-5251soft","0","0","-5251","True"
"4","200","7","1400","203.06","203059","0hard/0medium/-5190soft","0","0","-5190","True"
"4","200","7","1400","211.71","211713","0hard/0medium/-5180soft","0","0","-5180","True"
"4","200","7","1400","211.73","211726","0hard/0medium/-5139soft","0","0","-5139","True"
"4","200","7","1400","219.63","219634","0hard/0medium/-5117soft","0","0","-5117","True"
"4","200","7","1400","233.5","233496","0hard/0medium/-5101soft","0","0","-5101","True"
"4","200","7","1400","242.83","242828","0hard/0medium/-5077soft","0","0","-5077","True"
"4","200","7","1400","254.24","254240","0hard/0medium/-5067soft","0","0","-5067","True"
"4","200","7","1400","262.42","262423","0hard/0medium/-5062soft","0","0","-5062","True"
"4","200","7","1400","263.32","263319","0hard/0medium/-5024soft","0","0","-5024","True"
"4","200","7","1400","290.88","290884","0hard/0medium/-5020soft","0","0","-5020","True"
"4","200","7","1400","290.9","290904","0hard/0medium/-5015soft","0","0","-5015","True"
"4","200","7","1400","290.94","290938","0hard/0medium/-4992soft","0","0","-4992","True"
"4","200","7","1400","296.4","296402","0hard/0medium/-4968soft","0","0","-4968","True"
"4","200","7","1400","296.44","296444","0hard/0medium/-4962soft","0","0","-4962","True"
"5","300","7","2100","0.02","18","0hard/0medium/-99400soft","0","0","-99400","True"
"5","300","7","2100","0.02","21","0hard/0medium/-99080soft","0","0","-99080","True"
"5","300","7","2100","0.02","23","0hard/0medium/-98420soft","0","0","-98420","True"
"5","300","7","2100","0.02","23","0hard/0medium/-98418soft","0","0","-98418","True"
"5","300","7","2100","0.03","26","0hard/0medium/-97925soft","0","0","-97925","True"
"5","300","7","2100","0.03","27","0hard/0medium/-97863soft","0","0","-97863","True"
"5","300","7","2100","0.03","29","0hard/0medium/-97626soft","0","0","-97626","True"
"5","300","7","2100","0.03","30","0hard/0medium/-97486soft","0","0","-97486","True"
"5","300","7","2100","0.03","32","0hard/0medium/-97006soft","0","0","-97006","True"
"5","300","7","2100","0.03","33","0hard/0medium/-96386soft","0","0","-96386","True"
"5","300","7","2100","0.03","34","0hard/0medium/-96166soft","0","0","-96166","True"
"5","300","7","2100","0.04","36","0hard/0medium/-95766soft","0","0","-95766","True"
"5","300","7","2100","0.05","50","0hard/0medium/-95108soft","0","0","-95108","True"
"5","300","7","2100","0.05","51","0hard/0medium/-94608soft","0","0","-94608","True"
"5","300","7","2100","0.05","53","0hard/0medium/-94228soft","0","0","-94228","True"
"5","300","7","2100","0.05","54","0hard/0medium/-94068soft","0","0","-94068","True"
"5","300","7","2100","0.06","55","0hard/0medium/-93751soft","0","0","-93751","True"
"5","300","7","2100","0.06","56","0hard/0medium/-93291soft","0","0","-93291","True"
"5","300","7","2100","0.07","68","0hard/0medium/-93037soft","0","0","-93037","True"
"5","300","7","2100","0.07","69","0hard/0medium/-92807soft","0","0","-92807","True"
"5","300","7","2100","0.07","70","0hard/0medium/-92447soft","0","0","-92447","True"
"5","300","7","2100","0.07","71","0hard/0medium/-92307soft","0","0","-92307","True"
"5","300","7","2100","0.07","72","0hard/0medium/-91467soft","0","0","-91467","True"
"5","300","7","2100","0.07","73","0hard/0medium/-91192soft","0","0","-91192","True"
"5","300","7","2100","0.07","74","0hard/0medium/-90852soft","0","0","-90852","True"
"5","300","7","2100","0.08","76","0hard/0medium/-89572soft","0","0","-89572","True"
"5","300","7","2100","0.08","80","0hard/0medium/-88910soft","0","0","-88910","True"
"5","300","7","2100","0.08","82","0hard/0medium/-88807soft","0","0","-88807","True"
"5","300","7","2100","0.08","83","0hard/0medium/-88607soft","0","0","-88607","True"
"5","300","7","2100","0.09","88","0hard/0medium/-88268soft","0","0","-88268","True"
"5","300","7","2100","0.09","89","0hard/0medium/-88222soft","0","0","-88222","True"
"5","300","7","2100","0.09","90","0hard/0medium/-88062soft","0","0","-88062","True"
"5","300","7","2100","0.09","91","0hard/0medium/-87842soft","0","0","-87842","True"
"5","300","7","2100","0.09","93","0hard/0medium/-87490soft","0","0","-87490","True"
"5","300","7","2100","0.09","94","0hard/0medium/-87354soft","0","0","-87354","True"
"5","300","7","2100","0.1","95","0hard/0medium/-87014soft","0","0","-87014","True"
"5","300","7","2100","0.1","98","0hard/0medium/-86788soft","0","0","-86788","True"
"5","300","7","2100","0.1","99","0hard/0medium/-86268soft","0","0","-86268","True"
"5","300","7","2100","0.1","101","0hard/0medium/-85287soft","0","0","-85287","True"
"5","300","7","2100","0.1","102","0hard/0medium/-85107soft","0","0","-85107","True"
"5","300","7","2100","0.14","140","0hard/0medium/-85047soft","0","0","-85047","True"
"5","300","7","2100","0.14","141","0hard/0medium/-84033soft","0","0","-84033","True"
"5","300","7","2100","0.14","142","0hard/0medium/-83233soft","0","0","-83233","True"
"5","300","7","2100","0.14","144","0hard/0medium/-82948soft","0","0","-82948","True"
"5","300","7","2100","0.14","145","0hard/0medium/-82788soft","0","0","-82788","True"
"5","300","7","2100","0.15","147","0hard/0medium/-82728soft","0","0","-82728","True"
"5","300","7","2100","0.15","154","0hard/0medium/-82152soft","0","0","-82152","True"
"5","300","7","2100","0.15","154","0hard/0medium/-81552soft","0","0","-81552","True"
"5","300","7","2100","0.16","162","0hard/0medium/-81155soft","0","0","-81155","True"
"5","300","7","2100","0.16","165","0hard/0medium/-80736soft","0","0","-80736","True"
"5","300","7","2100","0.23","234","0hard/0medium/-80384soft","0","0","-80384","True"
"5","300","7","2100","0.24","235","0hard/0medium/-80164soft","0","0","-80164","True"
"5","300","7","2100","0.24","241","0hard/0medium/-79684soft","0","0","-79684","True"
"5","300","7","2100","0.24","243","0hard/0medium/-79639soft","0","0","-79639","True"
"5","300","7","2100","0.24","244","0hard/0medium/-79233soft","0","0","-79233","True"
"5","300","7","2100","0.25","246","0hard/0medium/-78693soft","0","0","-78693","True"
"5","300","7","2100","0.25","247","0hard/0medium/-78511soft","0","0","-78511","True"
"5","300","7","2100","0.25","248","0hard/0medium/-77831soft","0","0","-77831","True"
"5","300","7","2100","0.25","249","0hard/0medium/-77131soft","0","0","-77131","True"
"5","300","7","2100","0.25","250","0hard/0medium/-76751soft","0","0","-76751","True"
"5","300","7","2100","0.25","251","0hard/0medium/-76431soft","0","0","-76431","True"
"5","300","7","2100","0.25","252","0hard/0medium/-75751soft","0","0","-75751","True"
"5","300","7","2100","0.26","256","0hard/0medium/-75599soft","0","0","-75599","True"
"5","300","7","2100","0.26","261","0hard/0medium/-75439soft","0","0","-75439","True"
"5","300","7","2100","0.26","262","0hard/0medium/-74939soft","0","0","-74939","True"
"5","300","7","2100","0.26","263","0hard/0medium/-74679soft","0","0","-74679","True"
"5","300","7","2100","0.38","377","0hard/0medium/-74539soft","0","0","-74539","True"
"5","300","7","2100","0.38","378","0hard/0medium/-74039soft","0","0","-74039","True"
"5","300","7","2100","0.38","379","0hard/0medium/-73099soft","0","0","-73099","True"
"5","300","7","2100","0.38","380","0hard/0medium/-72782soft","0","0","-72782","True"
"5","300","7","2100","0.38","383","0hard/0medium/-72489soft","0","0","-72489","True"
"5","300","7","2100","0.38","385","0hard/0medium/-72469soft","0","0","-72469","True"
"5","300","7","2100","0.39","387","0hard/0medium/-71747soft","0","0","-71747","True"
"5","300","7","2100","0.39","387","0hard/0medium/-71507soft","0","0","-71507","True"
"5","300","7","2100","0.39","391","0hard/0medium/-71503soft","0","0","-71503","True"
"5","300","7","2100","0.39","392","0hard/0medium/-71083soft","0","0","-71083","True"
"5","300","7","2100","0.39","393","0hard/0medium/-70483soft","0","0","-70483","True"
"5","300","7","2100","0.39","394","0hard/0medium/-70034soft","0","0","-70034","True"
"5","300","7","2100","0.5","503","0hard/0medium/-69965soft","0","0","-69965","True"
"5","300","7","2100","0.5","504","0hard/0medium/-69505soft","0","0","-69505","True"
"5","300","7","2100","0.62","619","0hard/0medium/-69348soft","0","0","-69348","True"
"5","300","7","2100","0.62","620","0hard/0medium/-69128soft","0","0","-69128","True"
"5","300","7","2100","0.62","624","0hard/0medium/-68514soft","0","0","-68514","True"
"5","300","7","2100","0.62","625","0hard/0medium/-68171soft","0","0","-68171","True"
"5","300","7","2100","0.64","642","0hard/0medium/-67802soft","0","0","-67802","True"
"5","300","7","2100","0.74","745","0hard/0medium/-67052soft","0","0","-67052","True"
"5","300","7","2100","0.75","747","0hard/0medium/-66452soft","0","0","-66452","True"
"5","300","7","2100","0.75","748","0hard/0medium/-66212soft","0","0","-66212","True"
"5","300","7","2100","0.75","748","0hard/0medium/-65652soft","0","0","-65652","True"
"5","300","7","2100","0.9","902","0hard/0medium/-65269soft","0","0","-65269","True"
"5","300","7","2100","0.9","904","0hard/0medium/-64769soft","0","0","-64769","True"
"5","300","7","2100","0.9","904","0hard/0medium/-64549soft","0","0","-64549","True"
"5","300","7","2100","0.91","906","0hard/0medium/-64409soft","0","0","-64409","True"
"5","300","7","2100","0.91","907","0hard/0medium/-63709soft","0","0","-63709","True"
"5","300","7","2100","0.91","908","0hard/0medium/-62929soft","0","0","-62929","True"
"5","300","7","2100","0.91","909","0hard/0medium/-62769soft","0","0","-62769","True"
"5","300","7","2100","1.06","1055","0hard/0medium/-62188soft","0","0","-62188","True"
"5","300","7","2100","1.18","1179","0hard/0medium/-62155soft","0","0","-62155","True"
"5","300","7","2100","1.18","1181","0hard/0medium/-61415soft","0","0","-61415","True"
"5","300","7","2100","1.18","1182","0hard/0medium/-60835soft","0","0","-60835","True"
"5","300","7","2100","1.19","1188","0hard/0medium/-60653soft","0","0","-60653","True"
"5","300","7","2100","1.19","1190","0hard/0medium/-60229soft","0","0","-60229","True"
"5","300","7","2100","1.19","1191","0hard/0medium/-60161soft","0","0","-60161","True"
"5","300","7","2100","1.19","1192","0hard/0medium/-59701soft","0","0","-59701","True"
"5","300","7","2100","1.19","1193","0hard/0medium/-59441soft","0","0","-59441","True"
"5","300","7","2100","1.2","1195","0hard/0medium/-58761soft","0","0","-58761","True"
"5","300","7","2100","1.32","1325","0hard/0medium/-58659soft","0","0","-58659","True"
"5","300","7","2100","1.33","1326","0hard/0medium/-58579soft","0","0","-58579","True"
"5","300","7","2100","1.33","1328","0hard/0medium/-58499soft","0","0","-58499","True"
"5","300","7","2100","1.33","1329","0hard/0medium/-57639soft","0","0","-57639","True"
"5","300","7","2100","1.5","1501","0hard/0medium/-57258soft","0","0","-57258","True"
"5","300","7","2100","1.5","1502","0hard/0medium/-57218soft","0","0","-57218","True"
"5","300","7","2100","1.66","1658","0hard/0medium/-56873soft","0","0","-56873","True"
"5","300","7","2100","1.67","1668","0hard/0medium/-56370soft","0","0","-56370","True"
"5","300","7","2100","1.81","1811","0hard/0medium/-56295soft","0","0","-56295","True"
"5","300","7","2100","1.81","1812","0hard/0medium/-55769soft","0","0","-55769","True"
"5","300","7","2100","1.81","1813","0hard/0medium/-55509soft","0","0","-55509","True"
"5","300","7","2100","1.96","1956","0hard/0medium/-55172soft","0","0","-55172","True"
"5","300","7","2100","1.96","1957","0hard/0medium/-54472soft","0","0","-54472","True"
"5","300","7","2100","2.12","2117","0hard/0medium/-54243soft","0","0","-54243","True"
"5","300","7","2100","2.29","2289","0hard/0medium/-53549soft","0","0","-53549","True"
"5","300","7","2100","2.29","2290","0hard/0medium/-53109soft","0","0","-53109","True"
"5","300","7","2100","2.3","2297","0hard/0medium/-53017soft","0","0","-53017","True"
"5","300","7","2100","2.3","2298","0hard/0medium/-52950soft","0","0","-52950","True"
"5","300","7","2100","2.45","2448","0hard/0medium/-52760soft","0","0","-52760","True"
"5","300","7","2100","2.47","2471","0hard/0medium/-52425soft","0","0","-52425","True"
"5","300","7","2100","2.47","2471","0hard/0medium/-52245soft","0","0","-52245","True"
"5","300","7","2100","2.64","2642","0hard/0medium/-52013soft","0","0","-52013","True"
"5","300","7","2100","2.65","2646","0hard/0medium/-51933soft","0","0","-51933","True"
"5","300","7","2100","2.82","2819","0hard/0medium/-51337soft","0","0","-51337","True"
"5","300","7","2100","2.83","2828","0hard/0medium/-51182soft","0","0","-51182","True"
"5","300","7","2100","2.83","2829","0hard/0medium/-50822soft","0","0","-50822","True"
"5","300","7","2100","3","3003","0hard/0medium/-49965soft","0","0","-49965","True"
"5","300","7","2100","3.25","3249","0hard/0medium/-49535soft","0","0","-49535","True"
"5","300","7","2100","3.47","3467","0hard/0medium/-48836soft","0","0","-48836","True"
"5","300","7","2100","3.72","3717","0hard/0medium/-48519soft","0","0","-48519","True"
"5","300","7","2100","3.84","3838","0hard/0medium/-48484soft","0","0","-48484","True"
"5","300","7","2100","3.84","3844","0hard/0medium/-48444soft","0","0","-48444","True"
"5","300","7","2100","3.84","3845","0hard/0medium/-48104soft","0","0","-48104","True"
"5","300","7","2100","3.87","3869","0hard/0medium/-48082soft","0","0","-48082","True"
"5","300","7","2100","3.87","3873","0hard/0medium/-47742soft","0","0","-47742","True"
"5","300","7","2100","4.03","4030","0hard/0medium/-47233soft","0","0","-47233","True"
"5","300","7","2100","4.03","4031","0hard/0medium/-46833soft","0","0","-46833","True"
"5","300","7","2100","4.03","4032","0hard/0medium/-46634soft","0","0","-46634","True"
"5","300","7","2100","4.04","4038","0hard/0medium/-46587soft","0","0","-46587","True"
"5","300","7","2100","4.04","4039","0hard/0medium/-46227soft","0","0","-46227","True"
"5","300","7","2100","4.04","4040","0hard/0medium/-46187soft","0","0","-46187","True"
"5","300","7","2100","4.22","4221","0hard/0medium/-46161soft","0","0","-46161","True"
"5","300","7","2100","4.24","4237","0hard/0medium/-45733soft","0","0","-45733","True"
"5","300","7","2100","4.42","4425","0hard/0medium/-45174soft","0","0","-45174","True"
"5","300","7","2100","4.69","4687","0hard/0medium/-44852soft","0","0","-44852","True"
"5","300","7","2100","4.69","4688","0hard/0medium/-44692soft","0","0","-44692","True"
"5","300","7","2100","4.74","4737","0hard/0medium/-44474soft","0","0","-44474","True"
"5","300","7","2100","4.89","4889","0hard/0medium/-43969soft","0","0","-43969","True"
"5","300","7","2100","4.89","4891","0hard/0medium/-43832soft","0","0","-43832","True"
"5","300","7","2100","5.08","5077","0hard/0medium/-43820soft","0","0","-43820","True"
"5","300","7","2100","5.08","5078","0hard/0medium/-43640soft","0","0","-43640","True"
"5","300","7","2100","5.26","5265","0hard/0medium/-43634soft","0","0","-43634","True"
"5","300","7","2100","5.27","5268","0hard/0medium/-43150soft","0","0","-43150","True"
"5","300","7","2100","5.27","5269","0hard/0medium/-43090soft","0","0","-43090","True"
"5","300","7","2100","5.28","5277","0hard/0medium/-42919soft","0","0","-42919","True"
"5","300","7","2100","5.28","5278","0hard/0medium/-42739soft","0","0","-42739","True"
"5","300","7","2100","5.3","5297","0hard/0medium/-42625soft","0","0","-42625","True"
"5","300","7","2100","5.46","5464","0hard/0medium/-42256soft","0","0","-42256","True"
"5","300","7","2100","5.46","5465","0hard/0medium/-41396soft","0","0","-41396","True"
"5","300","7","2100","5.47","5467","0hard/0medium/-40758soft","0","0","-40758","True"
"5","300","7","2100","5.72","5722","0hard/0medium/-40727soft","0","0","-40727","True"
"5","300","7","2100","5.73","5729","0hard/0medium/-40708soft","0","0","-40708","True"
"5","300","7","2100","5.73","5730","0hard/0medium/-40128soft","0","0","-40128","True"
"5","300","7","2100","5.95","5950","0hard/0medium/-39669soft","0","0","-39669","True"
"5","300","7","2100","5.95","5951","0hard/0medium/-39609soft","0","0","-39609","True"
"5","300","7","2100","5.95","5952","0hard/0medium/-39509soft","0","0","-39509","True"
"5","300","7","2100","6.16","6158","0hard/0medium/-39198soft","0","0","-39198","True"
"5","300","7","2100","6.16","6161","0hard/0medium/-38938soft","0","0","-38938","True"
"5","300","7","2100","6.16","6162","0hard/0medium/-38778soft","0","0","-38778","True"
"5","300","7","2100","6.38","6378","0hard/0medium/-38569soft","0","0","-38569","True"
"5","300","7","2100","6.64","6644","0hard/0medium/-38512soft","0","0","-38512","True"
"5","300","7","2100","6.65","6646","0hard/0medium/-37482soft","0","0","-37482","True"
"5","300","7","2100","6.65","6649","0hard/0medium/-37350soft","0","0","-37350","True"
"5","300","7","2100","6.89","6892","0hard/0medium/-37343soft","0","0","-37343","True"
"5","300","7","2100","6.89","6893","0hard/0medium/-37082soft","0","0","-37082","True"
"5","300","7","2100","7.14","7140","0hard/0medium/-36710soft","0","0","-36710","True"
"5","300","7","2100","7.15","7146","0hard/0medium/-36250soft","0","0","-36250","True"
"5","300","7","2100","7.4","7395","0hard/0medium/-36150soft","0","0","-36150","True"
"5","300","7","2100","7.4","7396","0hard/0medium/-35970soft","0","0","-35970","True"
"5","300","7","2100","7.4","7397","0hard/0medium/-35630soft","0","0","-35630","True"
"5","300","7","2100","8.19","8190","0hard/0medium/-35219soft","0","0","-35219","True"
"5","300","7","2100","8.2","8195","0hard/0medium/-34893soft","0","0","-34893","True"
"5","300","7","2100","8.2","8196","0hard/0medium/-34633soft","0","0","-34633","True"
"5","300","7","2100","8.2","8197","0hard/0medium/-33953soft","0","0","-33953","True"
"5","300","7","2100","9.25","9252","0hard/0medium/-33949soft","0","0","-33949","True"
"5","300","7","2100","9.52","9524","0hard/0medium/-33756soft","0","0","-33756","True"
"5","300","7","2100","9.52","9525","0hard/0medium/-32676soft","0","0","-32676","True"
"5","300","7","2100","10.33","10331","0hard/0medium/-32607soft","0","0","-32607","True"
"5","300","7","2100","10.59","10587","0hard/0medium/-32463soft","0","0","-32463","True"
"5","300","7","2100","10.59","10588","0hard/0medium/-32364soft","0","0","-32364","True"
"5","300","7","2100","10.61","10608","0hard/0medium/-32073soft","0","0","-32073","True"
"5","300","7","2100","10.92","10919","0hard/0medium/-31881soft","0","0","-31881","True"
"5","300","7","2100","11.18","11184","0hard/0medium/-31679soft","0","0","-31679","True"
"5","300","7","2100","11.44","11440","0hard/0medium/-31610soft","0","0","-31610","True"
"5","300","7","2100","11.44","11443","0hard/0medium/-31470soft","0","0","-31470","True"
"5","300","7","2100","11.5","11503","0hard/0medium/-31249soft","0","0","-31249","True"
"5","300","7","2100","12.08","12082","0hard/0medium/-30981soft","0","0","-30981","True"
"5","300","7","2100","12.08","12083","0hard/0medium/-30941soft","0","0","-30941","True"
"5","300","7","2100","12.35","12347","0hard/0medium/-30902soft","0","0","-30902","True"
"5","300","7","2100","12.4","12401","0hard/0medium/-30487soft","0","0","-30487","True"
"5","300","7","2100","12.41","12414","0hard/0medium/-30466soft","0","0","-30466","True"
"5","300","7","2100","12.67","12666","0hard/0medium/-30276soft","0","0","-30276","True"
"5","300","7","2100","12.69","12690","0hard/0medium/-29888soft","0","0","-29888","True"
"5","300","7","2100","12.91","12914","0hard/0medium/-29603soft","0","0","-29603","True"
"5","300","7","2100","12.92","12915","0hard/0medium/-28843soft","0","0","-28843","True"
"5","300","7","2100","13.16","13156","0hard/0medium/-28747soft","0","0","-28747","True"
"5","300","7","2100","13.16","13158","0hard/0medium/-28667soft","0","0","-28667","True"
"5","300","7","2100","13.16","13159","0hard/0medium/-28047soft","0","0","-28047","True"
"5","300","7","2100","13.76","13760","0hard/0medium/-27948soft","0","0","-27948","True"
"5","300","7","2100","14","13996","0hard/0medium/-27742soft","0","0","-27742","True"
"5","300","7","2100","14.59","14591","0hard/0medium/-27421soft","0","0","-27421","True"
"5","300","7","2100","14.6","14601","0hard/0medium/-26883soft","0","0","-26883","True"
"5","300","7","2100","15.29","15288","0hard/0medium/-26825soft","0","0","-26825","True"
"5","300","7","2100","15.29","15289","0hard/0medium/-26725soft","0","0","-26725","True"
"5","300","7","2100","15.59","15587","0hard/0medium/-26623soft","0","0","-26623","True"
"5","300","7","2100","16.01","16009","0hard/0medium/-26223soft","0","0","-26223","True"
"5","300","7","2100","16.27","16272","0hard/0medium/-26154soft","0","0","-26154","True"
"5","300","7","2100","16.32","16319","0hard/0medium/-26037soft","0","0","-26037","True"
"5","300","7","2100","16.32","16320","0hard/0medium/-25377soft","0","0","-25377","True"
"5","300","7","2100","16.91","16911","0hard/0medium/-25226soft","0","0","-25226","True"
"5","300","7","2100","16.98","16985","0hard/0medium/-25097soft","0","0","-25097","True"
"5","300","7","2100","16.99","16987","0hard/0medium/-24997soft","0","0","-24997","True"
"5","300","7","2100","17.3","17297","0hard/0medium/-24573soft","0","0","-24573","True"
"5","300","7","2100","17.63","17626","0hard/0medium/-24545soft","0","0","-24545","True"
"5","300","7","2100","17.98","17976","0hard/0medium/-24267soft","0","0","-24267","True"
"5","300","7","2100","18.28","18282","0hard/0medium/-24074soft","0","0","-24074","True"
"5","300","7","2100","18.37","18366","0hard/0medium/-23795soft","0","0","-23795","True"
"5","300","7","2100","18.66","18661","0hard/0medium/-23473soft","0","0","-23473","True"
"5","300","7","2100","19.09","19086","0hard/0medium/-23379soft","0","0","-23379","True"
"5","300","7","2100","19.34","19338","0hard/0medium/-23339soft","0","0","-23339","True"
"5","300","7","2100","19.71","19706","0hard/0medium/-23287soft","0","0","-23287","True"
"5","300","7","2100","19.71","19708","0hard/0medium/-23246soft","0","0","-23246","True"
"5","300","7","2100","19.71","19709","0hard/0medium/-23147soft","0","0","-23147","True"
"5","300","7","2100","19.72","19715","0hard/0medium/-23023soft","0","0","-23023","True"
"5","300","7","2100","19.72","19716","0hard/0medium/-22923soft","0","0","-22923","True"
"5","300","7","2100","20.06","20059","0hard/0medium/-22826soft","0","0","-22826","True"
"5","300","7","2100","20.06","20060","0hard/0medium/-22606soft","0","0","-22606","True"
"5","300","7","2100","20.06","20063","0hard/0medium/-22172soft","0","0","-22172","True"
"5","300","7","2100","20.06","20064","0hard/0medium/-22152soft","0","0","-22152","True"
"5","300","7","2100","20.43","20433","0hard/0medium/-21435soft","0","0","-21435","True"
"5","300","7","2100","21.85","21852","0hard/0medium/-21148soft","0","0","-21148","True"
"5","300","7","2100","21.87","21868","0hard/0medium/-20986soft","0","0","-20986","True"
"5","300","7","2100","22.19","22187","0hard/0medium/-20734soft","0","0","-20734","True"
"5","300","7","2100","22.21","22210","0hard/0medium/-20638soft","0","0","-20638","True"
"5","300","7","2100","22.21","22211","0hard/0medium/-20404soft","0","0","-20404","True"
"5","300","7","2100","22.57","22569","0hard/0medium/-20367soft","0","0","-20367","True"
"5","300","7","2100","23","23001","0hard/0medium/-20323soft","0","0","-20323","True"
"5","300","7","2100","23","23004","0hard/0medium/-20055soft","0","0","-20055","True"
"5","300","7","2100","23.48","23477","0hard/0medium/-19872soft","0","0","-19872","True"
"5","300","7","2100","23.48","23478","0hard/0medium/-19692soft","0","0","-19692","True"
"5","300","7","2100","23.48","23479","0hard/0medium/-19452soft","0","0","-19452","True"
"5","300","7","2100","23.74","23744","0hard/0medium/-19430soft","0","0","-19430","True"
"5","300","7","2100","23.85","23852","0hard/0medium/-18975soft","0","0","-18975","True"
"5","300","7","2100","24.47","24473","0hard/0medium/-18867soft","0","0","-18867","True"
"5","300","7","2100","24.59","24587","0hard/0medium/-18831soft","0","0","-18831","True"
"5","300","7","2100","24.59","24588","0hard/0medium/-18591soft","0","0","-18591","True"
"5","300","7","2100","24.86","24860","0hard/0medium/-18467soft","0","0","-18467","True"
"5","300","7","2100","25.29","25294","0hard/0medium/-18459soft","0","0","-18459","True"
"5","300","7","2100","25.42","25419","0hard/0medium/-18403soft","0","0","-18403","True"
"5","300","7","2100","25.71","25714","0hard/0medium/-18049soft","0","0","-18049","True"
"5","300","7","2100","26.19","26188","0hard/0medium/-18013soft","0","0","-18013","True"
"5","300","7","2100","26.75","26751","0hard/0medium/-17822soft","0","0","-17822","True"
"5","300","7","2100","27.07","27074","0hard/0medium/-17252soft","0","0","-17252","True"
"5","300","7","2100","27.47","27474","0hard/0medium/-17101soft","0","0","-17101","True"
"5","300","7","2100","27.48","27477","0hard/0medium/-16806soft","0","0","-16806","True"
"5","300","7","2100","28.91","28912","0hard/0medium/-16470soft","0","0","-16470","True"
"5","300","7","2100","29.84","29839","0hard/0medium/-16319soft","0","0","-16319","True"
"5","300","7","2100","30.33","30332","0hard/0medium/-16081soft","0","0","-16081","True"
"5","300","7","2100","30.76","30760","0hard/0medium/-16004soft","0","0","-16004","True"
"5","300","7","2100","30.77","30772","0hard/0medium/-15871soft","0","0","-15871","True"
"5","300","7","2100","31.19","31192","0hard/0medium/-15474soft","0","0","-15474","True"
"5","300","7","2100","31.67","31673","0hard/0medium/-15390soft","0","0","-15390","True"
"5","300","7","2100","32.11","32112","0hard/0medium/-15089soft","0","0","-15089","True"
"5","300","7","2100","32.12","32118","0hard/0medium/-14669soft","0","0","-14669","True"
"5","300","7","2100","33.02","33016","0hard/0medium/-14650soft","0","0","-14650","True"
"5","300","7","2100","33.02","33018","0hard/0medium/-14538soft","0","0","-14538","True"
"5","300","7","2100","33.02","33020","0hard/0medium/-14478soft","0","0","-14478","True"
"5","300","7","2100","33.48","33478","0hard/0medium/-14450soft","0","0","-14450","True"
"5","300","7","2100","33.48","33480","0hard/0medium/-14270soft","0","0","-14270","True"
"5","300","7","2100","33.49","33492","0hard/0medium/-14268soft","0","0","-14268","True"
"5","300","7","2100","34.03","34035","0hard/0medium/-14231soft","0","0","-14231","True"
"5","300","7","2100","34.04","34044","0hard/0medium/-13811soft","0","0","-13811","True"
"5","300","7","2100","35.56","35559","0hard/0medium/-13806soft","0","0","-13806","True"
"5","300","7","2100","35.56","35563","0hard/0medium/-13767soft","0","0","-13767","True"
"5","300","7","2100","36.02","36017","0hard/0medium/-13689soft","0","0","-13689","True"
"5","300","7","2100","36.02","36018","0hard/0medium/-13523soft","0","0","-13523","True"
"5","300","7","2100","36.51","36510","0hard/0medium/-13504soft","0","0","-13504","True"
"5","300","7","2100","36.52","36515","0hard/0medium/-13384soft","0","0","-13384","True"
"5","300","7","2100","36.52","36518","0hard/0medium/-13244soft","0","0","-13244","True"
"5","300","7","2100","37.13","37134","0hard/0medium/-13179soft","0","0","-13179","True"
"5","300","7","2100","37.14","37138","0hard/0medium/-13099soft","0","0","-13099","True"
"5","300","7","2100","37.14","37143","0hard/0medium/-12979soft","0","0","-12979","True"
"5","300","7","2100","37.66","37659","0hard/0medium/-12704soft","0","0","-12704","True"
"5","300","7","2100","37.66","37660","0hard/0medium/-12564soft","0","0","-12564","True"
"5","300","7","2100","39.23","39233","0hard/0medium/-12498soft","0","0","-12498","True"
"5","300","7","2100","39.77","39774","0hard/0medium/-12386soft","0","0","-12386","True"
"5","300","7","2100","39.78","39784","0hard/0medium/-12128soft","0","0","-12128","True"
"5","300","7","2100","40.96","40962","0hard/0medium/-12118soft","0","0","-12118","True"
"5","300","7","2100","40.96","40963","0hard/0medium/-11738soft","0","0","-11738","True"
"5","300","7","2100","40.96","40964","0hard/0medium/-11618soft","0","0","-11618","True"
"5","300","7","2100","41.56","41562","0hard/0medium/-11369soft","0","0","-11369","True"
"5","300","7","2100","43","42998","0hard/0medium/-11254soft","0","0","-11254","True"
"5","300","7","2100","43.26","43264","0hard/0medium/-11220soft","0","0","-11220","True"
"5","300","7","2100","43.26","43265","0hard/0medium/-11000soft","0","0","-11000","True"
"5","300","7","2100","44.45","44448","0hard/0medium/-10885soft","0","0","-10885","True"
"5","300","7","2100","45.09","45086","0hard/0medium/-10884soft","0","0","-10884","True"
"5","300","7","2100","45.09","45094","0hard/0medium/-10637soft","0","0","-10637","True"
"5","300","7","2100","47.01","47007","0hard/0medium/-10617soft","0","0","-10617","True"
"5","300","7","2100","47.02","47015","0hard/0medium/-10457soft","0","0","-10457","True"
"5","300","7","2100","47.63","47631","0hard/0medium/-10091soft","0","0","-10091","True"
"5","300","7","2100","49.49","49490","0hard/0medium/-10024soft","0","0","-10024","True"
"5","300","7","2100","49.49","49491","0hard/0medium/-9964soft","0","0","-9964","True"
"5","300","7","2100","49.5","49499","0hard/0medium/-9884soft","0","0","-9884","True"
"5","300","7","2100","50.89","50889","0hard/0medium/-9812soft","0","0","-9812","True"
"5","300","7","2100","51.51","51509","0hard/0medium/-9729soft","0","0","-9729","True"
"5","300","7","2100","52.26","52258","0hard/0medium/-9725soft","0","0","-9725","True"
"5","300","7","2100","52.3","52295","0hard/0medium/-9696soft","0","0","-9696","True"
"5","300","7","2100","52.32","52324","0hard/0medium/-9500soft","0","0","-9500","True"
"5","300","7","2100","52.93","52929","0hard/0medium/-9487soft","0","0","-9487","True"
"5","300","7","2100","53.14","53137","0hard/0medium/-9466soft","0","0","-9466","True"
"5","300","7","2100","53.14","53138","0hard/0medium/-9426soft","0","0","-9426","True"
"5","300","7","2100","53.62","53616","0hard/0medium/-9340soft","0","0","-9340","True"
"5","300","7","2100","53.66","53664","0hard/0medium/-9251soft","0","0","-9251","True"
"5","300","7","2100","53.82","53816","0hard/0medium/-9244soft","0","0","-9244","True"
"5","300","7","2100","54.17","54166","0hard/0medium/-8960soft","0","0","-8960","True"
"5","300","7","2100","54.93","54929","0hard/0medium/-8572soft","0","0","-8572","True"
"5","300","7","2100","55.52","55523","0hard/0medium/-8503soft","0","0","-8503","True"
"5","300","7","2100","56.44","56437","0hard/0medium/-8211soft","0","0","-8211","True"
"5","300","7","2100","59.03","59028","0hard/0medium/-8074soft","0","0","-8074","True"
"5","300","7","2100","59.06","59064","0hard/0medium/-8044soft","0","0","-8044","True"
"5","300","7","2100","59.76","59756","0hard/0medium/-7996soft","0","0","-7996","True"
"5","300","7","2100","59.8","59800","0hard/0medium/-7689soft","0","0","-7689","True"
"5","300","7","2100","59.8","59801","0hard/0medium/-7685soft","0","0","-7685","True"
"5","300","7","2100","59.8","59802","0hard/0medium/-7605soft","0","0","-7605","True"
"5","300","7","2100","60.41","60407","0hard/0medium/-7541soft","0","0","-7541","True"
"5","300","7","2100","62.08","62081","0hard/0medium/-7280soft","0","0","-7280","True"
"5","300","7","2100","64.4","64401","0hard/0medium/-7184soft","0","0","-7184","True"
"5","300","7","2100","65.21","65210","0hard/0medium/-7124soft","0","0","-7124","True"
"5","300","7","2100","65.44","65442","0hard/0medium/-6869soft","0","0","-6869","True"
"5","300","7","2100","67.68","67679","0hard/0medium/-6763soft","0","0","-6763","True"
"5","300","7","2100","67.73","67727","0hard/0medium/-6352soft","0","0","-6352","True"
"5","300","7","2100","70.07","70072","0hard/0medium/-6302soft","0","0","-6302","True"
"5","300","7","2100","70.07","70073","0hard/0medium/-6202soft","0","0","-6202","True"
"5","300","7","2100","70.11","70109","0hard/0medium/-6011soft","0","0","-6011","True"
"5","300","7","2100","71.66","71664","0hard/0medium/-5843soft","0","0","-5843","True"
"5","300","7","2100","74.34","74342","0hard/0medium/-5807soft","0","0","-5807","True"
"5","300","7","2100","76.06","76064","0hard/0medium/-5768soft","0","0","-5768","True"
"5","300","7","2100","76.11","76109","0hard/0medium/-5728soft","0","0","-5728","True"
"5","300","7","2100","76.11","76113","0hard/0medium/-5628soft","0","0","-5628","True"
"5","300","7","2100","78.62","78624","0hard/0medium/-5587soft","0","0","-5587","True"
"5","300","7","2100","78.73","78728","0hard/0medium/-5483soft","0","0","-5483","True"
"5","300","7","2100","79.57","79572","0hard/0medium/-5463soft","0","0","-5463","True"
"5","300","7","2100","79.58","79575","0hard/0medium/-5423soft","0","0","-5423","True"
"5","300","7","2100","80.34","80336","0hard/0medium/-5353soft","0","0","-5353","True"
"5","300","7","2100","80.84","80836","0hard/0medium/-5341soft","0","0","-5341","True"
"5","300","7","2100","80.84","80841","0hard/0medium/-5281soft","0","0","-5281","True"
"5","300","7","2100","81.51","81513","0hard/0medium/-5111soft","0","0","-5111","True"
"5","300","7","2100","81.85","81849","0hard/0medium/-5084soft","0","0","-5084","True"
"5","300","7","2100","82.78","82785","0hard/0medium/-5028soft","0","0","-5028","True"
"5","300","7","2100","83.76","83755","0hard/0medium/-4984soft","0","0","-4984","True"
"5","300","7","2100","84.4","84400","0hard/0medium/-4794soft","0","0","-4794","True"
"5","300","7","2100","85.94","85944","0hard/0medium/-4774soft","0","0","-4774","True"
"5","300","7","2100","86.61","86612","0hard/0medium/-4657soft","0","0","-4657","True"
"5","300","7","2100","88.66","88662","0hard/0medium/-4540soft","0","0","-4540","True"
"5","300","7","2100","90.98","90985","0hard/0medium/-4384soft","0","0","-4384","True"
"5","300","7","2100","92.1","92104","0hard/0medium/-4359soft","0","0","-4359","True"
"5","300","7","2100","93.26","93264","0hard/0medium/-4249soft","0","0","-4249","True"
"5","300","7","2100","93.27","93268","0hard/0medium/-4121soft","0","0","-4121","True"
"5","300","7","2100","93.27","93269","0hard/0medium/-3821soft","0","0","-3821","True"
"5","300","7","2100","95.94","95942","0hard/0medium/-3744soft","0","0","-3744","True"
"5","300","7","2100","96.99","96989","0hard/0medium/-3719soft","0","0","-3719","True"
"5","300","7","2100","97.01","97013","0hard/0medium/-3699soft","0","0","-3699","True"
"5","300","7","2100","98.09","98093","0hard/0medium/-3682soft","0","0","-3682","True"
"5","300","7","2100","98.2","98205","0hard/0medium/-3656soft","0","0","-3656","True"
"5","300","7","2100","100.74","100742","0hard/0medium/-3598soft","0","0","-3598","True"
"5","300","7","2100","100.74","100744","0hard/0medium/-3564soft","0","0","-3564","True"
"5","300","7","2100","102.89","102893","0hard/0medium/-3562soft","0","0","-3562","True"
"5","300","7","2100","102.89","102894","0hard/0medium/-3542soft","0","0","-3542","True"
"5","300","7","2100","102.9","102896","0hard/0medium/-3422soft","0","0","-3422","True"
"5","300","7","2100","103.17","103169","0hard/0medium/-3404soft","0","0","-3404","True"
"5","300","7","2100","104.03","104031","0hard/0medium/-3373soft","0","0","-3373","True"
"5","300","7","2100","106.48","106475","0hard/0medium/-3265soft","0","0","-3265","True"
"5","300","7","2100","106.82","106815","0hard/0medium/-3234soft","0","0","-3234","True"
"5","300","7","2100","106.82","106817","0hard/0medium/-3214soft","0","0","-3214","True"
"5","300","7","2100","107.69","107689","0hard/0medium/-3211soft","0","0","-3211","True"
"5","300","7","2100","107.7","107705","0hard/0medium/-3191soft","0","0","-3191","True"
"5","300","7","2100","107.71","107713","0hard/0medium/-3171soft","0","0","-3171","True"
"5","300","7","2100","108.02","108022","0hard/0medium/-3109soft","0","0","-3109","True"
"5","300","7","2100","108.04","108036","0hard/0medium/-3089soft","0","0","-3089","True"
"5","300","7","2100","110.4","110404","0hard/0medium/-3028soft","0","0","-3028","True"
"5","300","7","2100","110.41","110412","0hard/0medium/-2954soft","0","0","-2954","True"
"5","300","7","2100","110.43","110432","0hard/0medium/-2950soft","0","0","-2950","True"
"5","300","7","2100","111.63","111633","0hard/0medium/-2899soft","0","0","-2899","True"
"5","300","7","2100","111.66","111657","0hard/0medium/-2893soft","0","0","-2893","True"
"5","300","7","2100","111.67","111669","0hard/0medium/-2882soft","0","0","-2882","True"
"5","300","7","2100","111.67","111674","0hard/0medium/-2862soft","0","0","-2862","True"
"5","300","7","2100","112.62","112621","0hard/0medium/-2758soft","0","0","-2758","True"
"5","300","7","2100","113.91","113912","0hard/0medium/-2756soft","0","0","-2756","True"
"5","300","7","2100","113.91","113913","0hard/0medium/-2516soft","0","0","-2516","True"
"5","300","7","2100","118.25","118249","0hard/0medium/-2503soft","0","0","-2503","True"
"5","300","7","2100","119.7","119701","0hard/0medium/-2163soft","0","0","-2163","True"
"5","300","7","2100","121.22","121219","0hard/0medium/-2074soft","0","0","-2074","True"
"5","300","7","2100","125.91","125912","0hard/0medium/-2039soft","0","0","-2039","True"
"5","300","7","2100","125.91","125914","0hard/0medium/-1939soft","0","0","-1939","True"
"5","300","7","2100","127.27","127271","0hard/0medium/-1867soft","0","0","-1867","True"
"5","300","7","2100","127.28","127283","0hard/0medium/-1807soft","0","0","-1807","True"
"5","300","7","2100","132.34","132336","0hard/0medium/-1784soft","0","0","-1784","True"
"5","300","7","2100","132.34","132338","0hard/0medium/-1684soft","0","0","-1684","True"
"5","300","7","2100","133.96","133961","0hard/0medium/-1615soft","0","0","-1615","True"
"5","300","7","2100","133.96","133963","0hard/0medium/-1555soft","0","0","-1555","True"
"5","300","7","2100","133.97","133970","0hard/0medium/-1515soft","0","0","-1515","True"
"5","300","7","2100","135.73","135730","0hard/0medium/-1404soft","0","0","-1404","True"
"5","300","7","2100","146.98","146981","0hard/0medium/-1379soft","0","0","-1379","True"
"5","300","7","2100","148.88","148882","0hard/0medium/-1376soft","0","0","-1376","True"
"5","300","7","2100","150.28","150285","0hard/0medium/-1364soft","0","0","-1364","True"
"5","300","7","2100","150.61","150612","0hard/0medium/-1357soft","0","0","-1357","True"
"5","300","7","2100","150.65","150649","0hard/0medium/-1342soft","0","0","-1342","True"
"5","300","7","2100","150.67","150671","0hard/0medium/-1282soft","0","0","-1282","True"
"5","300","7","2100","152.52","152516","0hard/0medium/-1230soft","0","0","-1230","True"
"5","300","7","2100","152.8","152796","0hard/0medium/-1148soft","0","0","-1148","True"
"5","300","7","2100","152.8","152799","0hard/0medium/-1128soft","0","0","-1128","True"
"5","300","7","2100","154.92","154918","0hard/0medium/-1088soft","0","0","-1088","True"
"5","300","7","2100","156.93","156931","0hard/0medium/-1070soft","0","0","-1070","True"
"5","300","7","2100","157","157000","0hard/0medium/-1050soft","0","0","-1050","True"
"5","300","7","2100","160.82","160821","0hard/0medium/-990soft","0","0","-990","True"
"5","300","7","2100","162.75","162751","0hard/0medium/-916soft","0","0","-916","True"
"5","300","7","2100","164.35","164352","0hard/0medium/-875soft","0","0","-875","True"
"5","300","7","2100","164.71","164711","0hard/0medium/-847soft","0","0","-847","True"
"5","300","7","2100","164.71","164712","0hard/0medium/-827soft","0","0","-827","True"
"5","300","7","2100","168.77","168767","0hard/0medium/-822soft","0","0","-822","True"
"5","300","7","2100","168.78","168782","0hard/0medium/-731soft","0","0","-731","True"
"5","300","7","2100","168.79","168794","0hard/0medium/-719soft","0","0","-719","True"
"5","300","7","2100","173.21","173210","0hard/0medium/-610soft","0","0","-610","True"
"5","300","7","2100","173.8","173797","0hard/0medium/-570soft","0","0","-570","True"
"5","300","7","2100","175.55","175552","0hard/0medium/-532soft","0","0","-532","True"
"5","300","7","2100","175.56","175563","0hard/0medium/-482soft","0","0","-482","True"
"5","300","7","2100","177.76","177755","0hard/0medium/-478soft","0","0","-478","True"
"5","300","7","2100","177.76","177760","0hard/0medium/-458soft","0","0","-458","True"
"5","300","7","2100","179.82","179825","0hard/0medium/-394soft","0","0","-394","True"
"5","300","7","2100","179.84","179837","0hard/0medium/-346soft","0","0","-346","True"
"5","300","7","2100","186.49","186487","0hard/0medium/-312soft","0","0","-312","True"
"5","300","7","2100","190.94","190935","0hard/0medium/-305soft","0","0","-305","True"
"5","300","7","2100","191.02","191022","0hard/0medium/-302soft","0","0","-302","True"
"5","300","7","2100","191.04","191040","0hard/0medium/-282soft","0","0","-282","True"
"5","300","7","2100","192.95","192947","0hard/0medium/-134soft","0","0","-134","True"
"5","300","7","2100","198.02","198024","0hard/0medium/-90soft","0","0","-90","True"
"5","300","7","2100","198.08","198076","0hard/0medium/-10soft","0","0","-10","True"
"5","300","7","2100","201.4","201401","0hard/0medium/46soft","0","0","46","True"
"5","300","7","2100","202.98","202976","0hard/0medium/51soft","0","0","51","True"
"5","300","7","2100","202.98","202980","0hard/0medium/171soft","0","0","171","True"
"5","300","7","2100","207.98","207979","0hard/0medium/190soft","0","0","190","True"
"5","300","7","2100","207.98","207985","0hard/0medium/270soft","0","0","270","True"
"5","300","7","2100","210.42","210423","0hard/0medium/337soft","0","0","337","True"
"5","300","7","2100","215.7","215703","0hard/0medium/344soft","0","0","344","True"
"5","300","7","2100","215.7","215704","0hard/0medium/404soft","0","0","404","True"
"5","300","7","2100","221.38","221385","0hard/0medium/420soft","0","0","420","True"
"5","300","7","2100","224.07","224071","0hard/0medium/425soft","0","0","425","True"
"5","300","7","2100","226.67","226669","0hard/0medium/456soft","0","0","456","True"
"5","300","7","2100","232.58","232577","0hard/0medium/519soft","0","0","519","True"
"5","300","7","2100","234.95","234953","0hard/0medium/566soft","0","0","566","True"
"5","300","7","2100","235.44","235437","0hard/0medium/594soft","0","0","594","True"
"5","300","7","2100","238.74","238738","0hard/0medium/619soft","0","0","619","True"
"5","300","7","2100","238.78","238780","0hard/0medium/639soft","0","0","639","True"
"5","300","7","2100","252.19","252193","0hard/0medium/646soft","0","0","646","True"
"5","300","7","2100","252.23","252230","0hard/0medium/666soft","0","0","666","True"
"5","300","7","2100","255.71","255711","0hard/0medium/754soft","0","0","754","True"
"5","300","7","2100","258.96","258963","0hard/0medium/788soft","0","0","788","True"
"5","300","7","2100","262.54","262544","0hard/0medium/815soft","0","0","815","True"
"5","300","7","2100","269.54","269538","0hard/0medium/832soft","0","0","832","True"
"5","300","7","2100","269.94","269944","0hard/0medium/893soft","0","0","893","True"
"5","300","7","2100","282","282000","0hard/0medium/947soft","0","0","947","True"
"5","300","7","2100","282.01","282012","0hard/0medium/1011soft","0","0","1011","True"
"5","300","7","2100","290.94","290938","0hard/0medium/1050soft","0","0","1050","True"
"5","300","7","2100","295.86","295861","0hard/0medium/1070soft","0","0","1070","True"
